Seção,Nome Seção,Divisão,Nome Divisão,Grupo,Nome Grupo
A,"AGRICULTURA, PECUÁRIA, PRODUÇÃO FLORESTAL, PESCA E AQÜICULTURA",01,"AGRICULTURA, PECUÁRIA E SERVIÇOS RELACIONADOS",011,Produção de lavouras temporárias
A,"AGRICULTURA, PECUÁRIA, PRODUÇÃO FLORESTAL, PESCA E AQÜICULTURA",01,"AGRICULTURA, PECUÁRIA E SERVIÇOS RELACIONADOS",012,Horticultura e floricultura
A,"AGRICULTURA, PECUÁRIA, PRODUÇÃO FLORESTAL, PESCA E AQÜICULTURA",01,"AGRICULTURA, PECUÁRIA E SERVIÇOS RELACIONADOS",013,Produção de lavouras permanentes
A,"AGRICULTURA, PECUÁRIA, PRODUÇÃO FLORESTAL, PESCA E AQÜICULTURA",01,"AGRICULTURA, PECUÁRIA E SERVIÇOS RELACIONADOS",014,Produção de sementes e mudas certificadas
A,"AGRICULTURA, PECUÁRIA, PRODUÇÃO FLORESTAL, PESCA E AQÜICULTURA",01,"AGRICULTURA, PECUÁRIA E SERVIÇOS RELACIONADOS",015,Pecuária
A,"AGRICULTURA, PECUÁRIA, PRODUÇÃO FLORESTAL, PESCA E AQÜICULTURA",01,"AGRICULTURA, PECUÁRIA E SERVIÇOS RELACIONADOS",016,Atividades de apoio à agricultura e à pecuária; atividades de pós-colheita
A,"AGRICULTURA, PECUÁRIA, PRODUÇÃO FLORESTAL, PESCA E AQÜICULTURA",01,"AGRICULTURA, PECUÁRIA E SERVIÇOS RELACIONADOS",017,Caça e serviços relacionados
A,"AGRICULTURA, PECUÁRIA, PRODUÇÃO FLORESTAL, PESCA E AQÜICULTURA",02,PRODUÇÃO FLORESTAL,021,Produção florestal - florestas plantadas
A,"AGRICULTURA, PECUÁRIA, PRODUÇÃO FLORESTAL, PESCA E AQÜICULTURA",02,PRODUÇÃO FLORESTAL,022,Produção florestal - florestas nativas
A,"AGRICULTURA, PECUÁRIA, PRODUÇÃO FLORESTAL, PESCA E AQÜICULTURA",02,PRODUÇÃO FLORESTAL,023,Atividades de apoio à produção florestal
A,"AGRICULTURA, PECUÁRIA, PRODUÇÃO FLORESTAL, PESCA E AQÜICULTURA",03,PESCA E AQÜICULTURA,031,Pesca
A,"AGRICULTURA, PECUÁRIA, PRODUÇÃO FLORESTAL, PESCA E AQÜICULTURA",03,PESCA E AQÜICULTURA,032,Aqüicultura
B,INDÚSTRIAS EXTRATIVAS,05,EXTRAÇÃO DE CARVÃO MINERAL,050,Extração de carvão mineral
B,INDÚSTRIAS EXTRATIVAS,06,EXTRAÇÃO DE PETRÓLEO E GÁS NATURAL,060,Extração de petróleo e gás natural
B,INDÚSTRIAS EXTRATIVAS,07,EXTRAÇÃO DE MINERAIS METÁLICOS,071,Extração de minério de ferro
B,INDÚSTRIAS EXTRATIVAS,07,EXTRAÇÃO DE MINERAIS METÁLICOS,072,Extração de minerais metálicos não-ferrosos
B,INDÚSTRIAS EXTRATIVAS,08,EXTRAÇÃO DE MINERAIS NÃO-METÁLICOS,081,"Extração de pedra, areia e argila"
B,INDÚSTRIAS EXTRATIVAS,08,EXTRAÇÃO DE MINERAIS NÃO-METÁLICOS,089,Extração de outros minerais não-metálicos
B,INDÚSTRIAS EXTRATIVAS,09,ATIVIDADES DE APOIO À EXTRAÇÃO DE MINERAIS,091,Atividades de apoio à extração de petróleo e gás natural
B,INDÚSTRIAS EXTRATIVAS,09,ATIVIDADES DE APOIO À EXTRAÇÃO DE MINERAIS,099,"Atividades de apoio à extração de minerais, exceto petróleo e gás natural"
C,INDÚSTRIAS DE TRANSFORMAÇÃO,10,FABRICAÇÃO DE PRODUTOS ALIMENTÍCIOS,101,Abate e fabricação de produtos de carne
C,INDÚSTRIAS DE TRANSFORMAÇÃO,10,FABRICAÇÃO DE PRODUTOS ALIMENTÍCIOS,102,Preservação do pescado e fabricação de produtos do pescado
C,INDÚSTRIAS DE TRANSFORMAÇÃO,10,FABRICAÇÃO DE PRODUTOS ALIMENTÍCIOS,103,"Fabricação de conservas de frutas, legumes e outros vegetais"
C,INDÚSTRIAS DE TRANSFORMAÇÃO,10,FABRICAÇÃO DE PRODUTOS ALIMENTÍCIOS,104,Fabricação de óleos e gorduras vegetais e animais
C,INDÚSTRIAS DE TRANSFORMAÇÃO,10,FABRICAÇÃO DE PRODUTOS ALIMENTÍCIOS,105,Laticínios
C,INDÚSTRIAS DE TRANSFORMAÇÃO,10,FABRICAÇÃO DE PRODUTOS ALIMENTÍCIOS,106,"Moagem, fabricação de produtos amiláceos e de alimentos para animais"
C,INDÚSTRIAS DE TRANSFORMAÇÃO,10,FABRICAÇÃO DE PRODUTOS ALIMENTÍCIOS,107,Fabricação e refino de açúcar
C,INDÚSTRIAS DE TRANSFORMAÇÃO,10,FABRICAÇÃO DE PRODUTOS ALIMENTÍCIOS,108,Torrefação e moagem de café
C,INDÚSTRIAS DE TRANSFORMAÇÃO,10,FABRICAÇÃO DE PRODUTOS ALIMENTÍCIOS,109,Fabricação de outros produtos alimentícios
C,INDÚSTRIAS DE TRANSFORMAÇÃO,11,FABRICAÇÃO DE BEBIDAS,111,Fabricação de bebidas alcoólicas
C,INDÚSTRIAS DE TRANSFORMAÇÃO,11,FABRICAÇÃO DE BEBIDAS,112,Fabricação de bebidas não-alcoólicas
C,INDÚSTRIAS DE TRANSFORMAÇÃO,12,FABRICAÇÃO DE PRODUTOS DO FUMO,121,Processamento industrial do fumo
C,INDÚSTRIAS DE TRANSFORMAÇÃO,12,FABRICAÇÃO DE PRODUTOS DO FUMO,122,Fabricação de produtos do fumo
C,INDÚSTRIAS DE TRANSFORMAÇÃO,13,FABRICAÇÃO DE PRODUTOS TÊXTEIS,131,Preparação e fiação de fibras têxteis
C,INDÚSTRIAS DE TRANSFORMAÇÃO,13,FABRICAÇÃO DE PRODUTOS TÊXTEIS,132,"Tecelagem, exceto malha"
C,INDÚSTRIAS DE TRANSFORMAÇÃO,13,FABRICAÇÃO DE PRODUTOS TÊXTEIS,133,Fabricação de tecidos de malha
C,INDÚSTRIAS DE TRANSFORMAÇÃO,13,FABRICAÇÃO DE PRODUTOS TÊXTEIS,134,"Acabamentos em fios, tecidos e artefatos têxteis"
C,INDÚSTRIAS DE TRANSFORMAÇÃO,13,FABRICAÇÃO DE PRODUTOS TÊXTEIS,135,"Fabricação de artefatos têxteis, exceto vestuário"
C,INDÚSTRIAS DE TRANSFORMAÇÃO,14,CONFECÇÃO DE ARTIGOS DO VESTUÁRIO E ACESSÓRIOS,141,Confecção de artigos do vestuário e acessórios
C,INDÚSTRIAS DE TRANSFORMAÇÃO,14,CONFECÇÃO DE ARTIGOS DO VESTUÁRIO E ACESSÓRIOS,142,Fabricação de artigos de malharia e tricotagem
C,INDÚSTRIAS DE TRANSFORMAÇÃO,15,"PREPARAÇÃO DE COUROS E FABRICAÇÃO DE ARTEFATOS DE COURO, ARTIGOS PARA VIAGEM E CALÇADOS",151,Curtimento e outras preparações de couro
C,INDÚSTRIAS DE TRANSFORMAÇÃO,15,"PREPARAÇÃO DE COUROS E FABRICAÇÃO DE ARTEFATOS DE COURO, ARTIGOS PARA VIAGEM E CALÇADOS",152,Fabricação de artigos para viagem e de artefatos diversos de couro
C,INDÚSTRIAS DE TRANSFORMAÇÃO,15,"PREPARAÇÃO DE COUROS E FABRICAÇÃO DE ARTEFATOS DE COURO, ARTIGOS PARA VIAGEM E CALÇADOS",153,Fabricação de calçados
C,INDÚSTRIAS DE TRANSFORMAÇÃO,15,"PREPARAÇÃO DE COUROS E FABRICAÇÃO DE ARTEFATOS DE COURO, ARTIGOS PARA VIAGEM E CALÇADOS",154,"Fabricação de partes para calçados, de qualquer material"
C,INDÚSTRIAS DE TRANSFORMAÇÃO,16,FABRICAÇÃO DE PRODUTOS DE MADEIRA,161,Desdobramento de madeira
C,INDÚSTRIAS DE TRANSFORMAÇÃO,16,FABRICAÇÃO DE PRODUTOS DE MADEIRA,162,"Fabricação de produtos de madeira, cortiça e material trançado, exceto móveis"
C,INDÚSTRIAS DE TRANSFORMAÇÃO,17,"FABRICAÇÃO DE CELULOSE, PAPEL E PRODUTOS DE PAPEL",171,Fabricação de celulose e outras pastas para a fabricação de papel
C,INDÚSTRIAS DE TRANSFORMAÇÃO,17,"FABRICAÇÃO DE CELULOSE, PAPEL E PRODUTOS DE PAPEL",172,"Fabricação de papel, cartolina e papel-cartão"
C,INDÚSTRIAS DE TRANSFORMAÇÃO,17,"FABRICAÇÃO DE CELULOSE, PAPEL E PRODUTOS DE PAPEL",173,"Fabricação de embalagens de papel, cartolina, papel-cartão e papelão ondulado"
C,INDÚSTRIAS DE TRANSFORMAÇÃO,17,"FABRICAÇÃO DE CELULOSE, PAPEL E PRODUTOS DE PAPEL",174,"Fabricação de produtos diversos de papel, cartolina, papel-cartão e papelão ondulado"
C,INDÚSTRIAS DE TRANSFORMAÇÃO,18,IMPRESSÃO E REPRODUÇÃO DE GRAVAÇÕES,181,Atividade de impressão
C,INDÚSTRIAS DE TRANSFORMAÇÃO,18,IMPRESSÃO E REPRODUÇÃO DE GRAVAÇÕES,182,Serviços de pré-impressão e acabamentos gráficos
C,INDÚSTRIAS DE TRANSFORMAÇÃO,18,IMPRESSÃO E REPRODUÇÃO DE GRAVAÇÕES,183,Reprodução de materiais gravados em qualquer suporte
C,INDÚSTRIAS DE TRANSFORMAÇÃO,19,"FABRICAÇÃO DE COQUE, DE PRODUTOS DERIVADOS DO PETRÓLEO E DE BIOCOMBUSTÍVEIS",191,Coquerias
C,INDÚSTRIAS DE TRANSFORMAÇÃO,19,"FABRICAÇÃO DE COQUE, DE PRODUTOS DERIVADOS DO PETRÓLEO E DE BIOCOMBUSTÍVEIS",192,Fabricação de produtos derivados do petróleo
C,INDÚSTRIAS DE TRANSFORMAÇÃO,19,"FABRICAÇÃO DE COQUE, DE PRODUTOS DERIVADOS DO PETRÓLEO E DE BIOCOMBUSTÍVEIS",193,Fabricação de biocombustíveis
C,INDÚSTRIAS DE TRANSFORMAÇÃO,20,FABRICAÇÃO DE PRODUTOS QUÍMICOS,201,Fabricação de produtos químicos inorgânicos
C,INDÚSTRIAS DE TRANSFORMAÇÃO,20,FABRICAÇÃO DE PRODUTOS QUÍMICOS,202,Fabricação de produtos químicos orgânicos
C,INDÚSTRIAS DE TRANSFORMAÇÃO,20,FABRICAÇÃO DE PRODUTOS QUÍMICOS,203,Fabricação de resinas e elastômeros
C,INDÚSTRIAS DE TRANSFORMAÇÃO,20,FABRICAÇÃO DE PRODUTOS QUÍMICOS,204,Fabricação de fibras artificiais e sintéticas
C,INDÚSTRIAS DE TRANSFORMAÇÃO,20,FABRICAÇÃO DE PRODUTOS QUÍMICOS,205,Fabricação de defensivos agrícolas e desinfestantes domissanitários
C,INDÚSTRIAS DE TRANSFORMAÇÃO,20,FABRICAÇÃO DE PRODUTOS QUÍMICOS,206,"Fabricação de sabões, detergentes, produtos de limpeza, cosméticos, produtos de perfumaria e de higiene pessoal"
C,INDÚSTRIAS DE TRANSFORMAÇÃO,20,FABRICAÇÃO DE PRODUTOS QUÍMICOS,207,"Fabricação de tintas, vernizes, esmaltes, lacas e produtos afins"
C,INDÚSTRIAS DE TRANSFORMAÇÃO,20,FABRICAÇÃO DE PRODUTOS QUÍMICOS,209,Fabricação de produtos e preparados químicos diversos
C,INDÚSTRIAS DE TRANSFORMAÇÃO,21,FABRICAÇÃO DE PRODUTOS FARMOQUÍMICOS E FARMACÊUTICOS,211,Fabricação de produtos farmoquímicos
C,INDÚSTRIAS DE TRANSFORMAÇÃO,21,FABRICAÇÃO DE PRODUTOS FARMOQUÍMICOS E FARMACÊUTICOS,212,Fabricação de produtos farmacêuticos
C,INDÚSTRIAS DE TRANSFORMAÇÃO,22,FABRICAÇÃO DE PRODUTOS DE BORRACHA E DE MATERIAL PLÁSTICO,221,Fabricação de produtos de borracha
C,INDÚSTRIAS DE TRANSFORMAÇÃO,22,FABRICAÇÃO DE PRODUTOS DE BORRACHA E DE MATERIAL PLÁSTICO,222,Fabricação de produtos de material plástico
C,INDÚSTRIAS DE TRANSFORMAÇÃO,23,FABRICAÇÃO DE PRODUTOS DE MINERAIS NÃO-METÁLICOS,231,Fabricação de vidro e de produtos do vidro
C,INDÚSTRIAS DE TRANSFORMAÇÃO,23,FABRICAÇÃO DE PRODUTOS DE MINERAIS NÃO-METÁLICOS,232,Fabricação de cimento
C,INDÚSTRIAS DE TRANSFORMAÇÃO,23,FABRICAÇÃO DE PRODUTOS DE MINERAIS NÃO-METÁLICOS,233,"Fabricação de artefatos de concreto, cimento, fibrocimento, gesso e materiais semelhantes"
C,INDÚSTRIAS DE TRANSFORMAÇÃO,23,FABRICAÇÃO DE PRODUTOS DE MINERAIS NÃO-METÁLICOS,234,Fabricação de produtos cerâmicos
C,INDÚSTRIAS DE TRANSFORMAÇÃO,23,FABRICAÇÃO DE PRODUTOS DE MINERAIS NÃO-METÁLICOS,239,Aparelhamento de pedras e fabricação de outros produtos de minerais não-metálicos
C,INDÚSTRIAS DE TRANSFORMAÇÃO,24,METALURGIA,241,Produção de ferro-gusa e de ferroligas
C,INDÚSTRIAS DE TRANSFORMAÇÃO,24,METALURGIA,242,Siderurgia
C,INDÚSTRIAS DE TRANSFORMAÇÃO,24,METALURGIA,243,"Produção de tubos de aço, exceto tubos sem costura"
C,INDÚSTRIAS DE TRANSFORMAÇÃO,24,METALURGIA,244,Metalurgia dos metais não-ferrosos
C,INDÚSTRIAS DE TRANSFORMAÇÃO,24,METALURGIA,245,Fundição
C,INDÚSTRIAS DE TRANSFORMAÇÃO,25,"FABRICAÇÃO DE PRODUTOS DE METAL, EXCETO MÁQUINAS E EQUIPAMENTOS",251,Fabricação de estruturas metálicas e obras de caldeiraria pesada
C,INDÚSTRIAS DE TRANSFORMAÇÃO,25,"FABRICAÇÃO DE PRODUTOS DE METAL, EXCETO MÁQUINAS E EQUIPAMENTOS",252,"Fabricação de tanques, reservatórios metálicos e caldeiras"
C,INDÚSTRIAS DE TRANSFORMAÇÃO,25,"FABRICAÇÃO DE PRODUTOS DE METAL, EXCETO MÁQUINAS E EQUIPAMENTOS",253,"Forjaria, estamparia, metalurgia do pó e serviços de tratamento de metais"
C,INDÚSTRIAS DE TRANSFORMAÇÃO,25,"FABRICAÇÃO DE PRODUTOS DE METAL, EXCETO MÁQUINAS E EQUIPAMENTOS",254,"Fabricação de artigos de cutelaria, de serralheria e ferramentas"
C,INDÚSTRIAS DE TRANSFORMAÇÃO,25,"FABRICAÇÃO DE PRODUTOS DE METAL, EXCETO MÁQUINAS E EQUIPAMENTOS",255,"Fabricação de equipamento bélico pesado, armas e munições"
C,INDÚSTRIAS DE TRANSFORMAÇÃO,25,"FABRICAÇÃO DE PRODUTOS DE METAL, EXCETO MÁQUINAS E EQUIPAMENTOS",259,Fabricação de produtos de metal não especificados anteriormente
C,INDÚSTRIAS DE TRANSFORMAÇÃO,26,"FABRICAÇÃO DE EQUIPAMENTOS DE INFORMÁTICA, PRODUTOS ELETRÔNICOS E ÓPTICOS",261,Fabricação de componentes eletrônicos
C,INDÚSTRIAS DE TRANSFORMAÇÃO,26,"FABRICAÇÃO DE EQUIPAMENTOS DE INFORMÁTICA, PRODUTOS ELETRÔNICOS E ÓPTICOS",262,Fabricação de equipamentos de informática e periféricos
C,INDÚSTRIAS DE TRANSFORMAÇÃO,26,"FABRICAÇÃO DE EQUIPAMENTOS DE INFORMÁTICA, PRODUTOS ELETRÔNICOS E ÓPTICOS",263,Fabricação de equipamentos de comunicação
C,INDÚSTRIAS DE TRANSFORMAÇÃO,26,"FABRICAÇÃO DE EQUIPAMENTOS DE INFORMÁTICA, PRODUTOS ELETRÔNICOS E ÓPTICOS",264,"Fabricação de aparelhos de recepção, reprodução, gravação e amplificação de áudio e vídeo"
C,INDÚSTRIAS DE TRANSFORMAÇÃO,26,"FABRICAÇÃO DE EQUIPAMENTOS DE INFORMÁTICA, PRODUTOS ELETRÔNICOS E ÓPTICOS",265,"Fabricação de aparelhos e instrumentos de medida, teste e controle; cronômetros e relógios"
C,INDÚSTRIAS DE TRANSFORMAÇÃO,26,"FABRICAÇÃO DE EQUIPAMENTOS DE INFORMÁTICA, PRODUTOS ELETRÔNICOS E ÓPTICOS",266,Fabricação de aparelhos eletromédicos e eletroterapêuticos e equipamentos de irradiação
C,INDÚSTRIAS DE TRANSFORMAÇÃO,26,"FABRICAÇÃO DE EQUIPAMENTOS DE INFORMÁTICA, PRODUTOS ELETRÔNICOS E ÓPTICOS",267,"Fabricação de equipamentos e instrumentos ópticos, fotográficos e cinematográficos"
C,INDÚSTRIAS DE TRANSFORMAÇÃO,26,"FABRICAÇÃO DE EQUIPAMENTOS DE INFORMÁTICA, PRODUTOS ELETRÔNICOS E ÓPTICOS",268,"Fabricação de mídias virgens, magnéticas e ópticas"
C,INDÚSTRIAS DE TRANSFORMAÇÃO,27,"FABRICAÇÃO DE MÁQUINAS, APARELHOS E MATERIAIS ELÉTRICOS",271,"Fabricação de geradores, transformadores e motores elétricos"
C,INDÚSTRIAS DE TRANSFORMAÇÃO,27,"FABRICAÇÃO DE MÁQUINAS, APARELHOS E MATERIAIS ELÉTRICOS",272,"Fabricação de pilhas, baterias e acumuladores elétricos"
C,INDÚSTRIAS DE TRANSFORMAÇÃO,27,"FABRICAÇÃO DE MÁQUINAS, APARELHOS E MATERIAIS ELÉTRICOS",273,Fabricação de equipamentos para distribuição e controle de energia elétrica
C,INDÚSTRIAS DE TRANSFORMAÇÃO,27,"FABRICAÇÃO DE MÁQUINAS, APARELHOS E MATERIAIS ELÉTRICOS",274,Fabricação de lâmpadas e outros equipamentos de iluminação
C,INDÚSTRIAS DE TRANSFORMAÇÃO,27,"FABRICAÇÃO DE MÁQUINAS, APARELHOS E MATERIAIS ELÉTRICOS",275,Fabricação de eletrodomésticos
C,INDÚSTRIAS DE TRANSFORMAÇÃO,27,"FABRICAÇÃO DE MÁQUINAS, APARELHOS E MATERIAIS ELÉTRICOS",279,Fabricação de equipamentos e aparelhos elétricos não especificados anteriormente
C,INDÚSTRIAS DE TRANSFORMAÇÃO,28,FABRICAÇÃO DE MÁQUINAS E EQUIPAMENTOS,281,"Fabricação de motores, bombas, compressores e equipamentos de transmissão"
C,INDÚSTRIAS DE TRANSFORMAÇÃO,28,FABRICAÇÃO DE MÁQUINAS E EQUIPAMENTOS,282,Fabricação de máquinas e equipamentos de uso geral
C,INDÚSTRIAS DE TRANSFORMAÇÃO,28,FABRICAÇÃO DE MÁQUINAS E EQUIPAMENTOS,283,Fabricação de tratores e de máquinas e equipamentos para a agricultura e pecuária
C,INDÚSTRIAS DE TRANSFORMAÇÃO,28,FABRICAÇÃO DE MÁQUINAS E EQUIPAMENTOS,284,Fabricação de máquinas-ferramenta
C,INDÚSTRIAS DE TRANSFORMAÇÃO,28,FABRICAÇÃO DE MÁQUINAS E EQUIPAMENTOS,285,Fabricação de máquinas e equipamentos de uso na extração mineral e na construção
C,INDÚSTRIAS DE TRANSFORMAÇÃO,28,FABRICAÇÃO DE MÁQUINAS E EQUIPAMENTOS,286,Fabricação de máquinas e equipamentos de uso industrial específico
C,INDÚSTRIAS DE TRANSFORMAÇÃO,29,"FABRICAÇÃO DE VEÍCULOS AUTOMOTORES, REBOQUES E CARROCERIAS",291,"Fabricação de automóveis, camionetas e utilitários"
C,INDÚSTRIAS DE TRANSFORMAÇÃO,29,"FABRICAÇÃO DE VEÍCULOS AUTOMOTORES, REBOQUES E CARROCERIAS",292,Fabricação de caminhões e ônibus
C,INDÚSTRIAS DE TRANSFORMAÇÃO,29,"FABRICAÇÃO DE VEÍCULOS AUTOMOTORES, REBOQUES E CARROCERIAS",293,"Fabricação de cabines, carrocerias e reboques para veículos automotores"
C,INDÚSTRIAS DE TRANSFORMAÇÃO,29,"FABRICAÇÃO DE VEÍCULOS AUTOMOTORES, REBOQUES E CARROCERIAS",294,Fabricação de peças e acessórios para veículos automotores
C,INDÚSTRIAS DE TRANSFORMAÇÃO,29,"FABRICAÇÃO DE VEÍCULOS AUTOMOTORES, REBOQUES E CARROCERIAS",295,Recondicionamento e recuperação de motores para veículos automotores
C,INDÚSTRIAS DE TRANSFORMAÇÃO,30,"FABRICAÇÃO DE OUTROS EQUIPAMENTOS DE TRANSPORTE, EXCETO VEÍCULOS AUTOMOTORES",301,Construção de embarcações
C,INDÚSTRIAS DE TRANSFORMAÇÃO,30,"FABRICAÇÃO DE OUTROS EQUIPAMENTOS DE TRANSPORTE, EXCETO VEÍCULOS AUTOMOTORES",303,Fabricação de veículos ferroviários
C,INDÚSTRIAS DE TRANSFORMAÇÃO,30,"FABRICAÇÃO DE OUTROS EQUIPAMENTOS DE TRANSPORTE, EXCETO VEÍCULOS AUTOMOTORES",304,Fabricação de aeronaves
C,INDÚSTRIAS DE TRANSFORMAÇÃO,30,"FABRICAÇÃO DE OUTROS EQUIPAMENTOS DE TRANSPORTE, EXCETO VEÍCULOS AUTOMOTORES",305,Fabricação de veículos militares de combate
C,INDÚSTRIAS DE TRANSFORMAÇÃO,30,"FABRICAÇÃO DE OUTROS EQUIPAMENTOS DE TRANSPORTE, EXCETO VEÍCULOS AUTOMOTORES",309,Fabricação de equipamentos de transporte não especificados anteriormente
C,INDÚSTRIAS DE TRANSFORMAÇÃO,31,FABRICAÇÃO DE MÓVEIS,310,Fabricação de móveis
C,INDÚSTRIAS DE TRANSFORMAÇÃO,32,FABRICAÇÃO DE PRODUTOS DIVERSOS,321,"Fabricação de artigos de joalheria, bijuteria e semelhantes"
C,INDÚSTRIAS DE TRANSFORMAÇÃO,32,FABRICAÇÃO DE PRODUTOS DIVERSOS,322,Fabricação de instrumentos musicais
C,INDÚSTRIAS DE TRANSFORMAÇÃO,32,FABRICAÇÃO DE PRODUTOS DIVERSOS,323,Fabricação de artefatos para pesca e esporte
C,INDÚSTRIAS DE TRANSFORMAÇÃO,32,FABRICAÇÃO DE PRODUTOS DIVERSOS,324,Fabricação de brinquedos e jogos recreativos
C,INDÚSTRIAS DE TRANSFORMAÇÃO,32,FABRICAÇÃO DE PRODUTOS DIVERSOS,325,Fabricação de instrumentos e materiais para uso médico e odontológico e de artigos ópticos
C,INDÚSTRIAS DE TRANSFORMAÇÃO,32,FABRICAÇÃO DE PRODUTOS DIVERSOS,329,Fabricação de produtos diversos
C,INDÚSTRIAS DE TRANSFORMAÇÃO,33,"MANUTENÇÃO, REPARAÇÃO E INSTALAÇÃO DE MÁQUINAS E EQUIPAMENTOS",331,Manutenção e reparação de máquinas e equipamentos
C,INDÚSTRIAS DE TRANSFORMAÇÃO,33,"MANUTENÇÃO, REPARAÇÃO E INSTALAÇÃO DE MÁQUINAS E EQUIPAMENTOS",332,Instalação de máquinas e equipamentos
D,ELETRICIDADE E GÁS,35,"ELETRICIDADE, GÁS E OUTRAS UTILIDADES",351,"Geração, transmissão e distribuição de energia elétrica"
D,ELETRICIDADE E GÁS,35,"ELETRICIDADE, GÁS E OUTRAS UTILIDADES",352,Produção e distribuição de combustíveis gasosos por redes urbanas
D,ELETRICIDADE E GÁS,35,"ELETRICIDADE, GÁS E OUTRAS UTILIDADES",353,"Produção e distribuição de vapor, água quente e ar condicionado"
E,"ÁGUA, ESGOTO, ATIVIDADES DE GESTÃO DE RESÍDUOS E DESCONTAMINAÇÃO",36,"CAPTAÇÃO, TRATAMENTO E DISTRIBUIÇÃO DE ÁGUA",360,"Captação, tratamento e distribuição de água"
E,"ÁGUA, ESGOTO, ATIVIDADES DE GESTÃO DE RESÍDUOS E DESCONTAMINAÇÃO",37,ESGOTO E ATIVIDADES RELACIONADAS,370,Esgoto e atividades relacionadas
E,"ÁGUA, ESGOTO, ATIVIDADES DE GESTÃO DE RESÍDUOS E DESCONTAMINAÇÃO",38,"COLETA, TRATAMENTO E DISPOSIÇÃO DE RESÍDUOS; RECUPERAÇÃO DE MATERIAIS",381,Coleta de resíduos
E,"ÁGUA, ESGOTO, ATIVIDADES DE GESTÃO DE RESÍDUOS E DESCONTAMINAÇÃO",38,"COLETA, TRATAMENTO E DISPOSIÇÃO DE RESÍDUOS; RECUPERAÇÃO DE MATERIAIS",382,Tratamento e disposição de resíduos
E,"ÁGUA, ESGOTO, ATIVIDADES DE GESTÃO DE RESÍDUOS E DESCONTAMINAÇÃO",38,"COLETA, TRATAMENTO E DISPOSIÇÃO DE RESÍDUOS; RECUPERAÇÃO DE MATERIAIS",383,Recuperação de materiais
E,"ÁGUA, ESGOTO, ATIVIDADES DE GESTÃO DE RESÍDUOS E DESCONTAMINAÇÃO",39,DESCONTAMINAÇÃO E OUTROS SERVIÇOS DE GESTÃO DE RESÍDUOS,390,Descontaminação e outros serviços de gestão de resíduos
F,CONSTRUÇÃO,41,CONSTRUÇÃO DE EDIFÍCIOS,411,Incorporação de empreendimentos imobiliários
F,CONSTRUÇÃO,41,CONSTRUÇÃO DE EDIFÍCIOS,412,Construção de edifícios
F,CONSTRUÇÃO,42,OBRAS DE INFRA-ESTRUTURA,421,"Construção de rodovias, ferrovias, obras urbanas e obras-de-arte especiais"
F,CONSTRUÇÃO,42,OBRAS DE INFRA-ESTRUTURA,422,"Obras de infra-estrutura para energia elétrica, telecomunicações, água, esgoto e transporte por dutos"
F,CONSTRUÇÃO,42,OBRAS DE INFRA-ESTRUTURA,429,Construção de outras obras de infra-estrutura
F,CONSTRUÇÃO,43,SERVIÇOS ESPECIALIZADOS PARA CONSTRUÇÃO,431,Demolição e preparação do terreno
F,CONSTRUÇÃO,43,SERVIÇOS ESPECIALIZADOS PARA CONSTRUÇÃO,432,"Instalações elétricas, hidráulicas e outras instalações em construções"
F,CONSTRUÇÃO,43,SERVIÇOS ESPECIALIZADOS PARA CONSTRUÇÃO,433,Obras de acabamento
F,CONSTRUÇÃO,43,SERVIÇOS ESPECIALIZADOS PARA CONSTRUÇÃO,439,Outros serviços especializados para construção
G,COMÉRCIO; REPARAÇÃO DE VEÍCULOS AUTOMOTORES E MOTOCICLETAS,45,COMÉRCIO E REPARAÇÃO DE VEÍCULOS AUTOMOTORES E MOTOCICLETAS,451,Comércio de veículos automotores
G,COMÉRCIO; REPARAÇÃO DE VEÍCULOS AUTOMOTORES E MOTOCICLETAS,45,COMÉRCIO E REPARAÇÃO DE VEÍCULOS AUTOMOTORES E MOTOCICLETAS,452,Manutenção e reparação de veículos automotores
G,COMÉRCIO; REPARAÇÃO DE VEÍCULOS AUTOMOTORES E MOTOCICLETAS,45,COMÉRCIO E REPARAÇÃO DE VEÍCULOS AUTOMOTORES E MOTOCICLETAS,453,Comércio de peças e acessórios para veículos automotores
G,COMÉRCIO; REPARAÇÃO DE VEÍCULOS AUTOMOTORES E MOTOCICLETAS,45,COMÉRCIO E REPARAÇÃO DE VEÍCULOS AUTOMOTORES E MOTOCICLETAS,454,"Comércio, manutenção e reparação de motocicletas, peças e acessórios"
G,COMÉRCIO; REPARAÇÃO DE VEÍCULOS AUTOMOTORES E MOTOCICLETAS,46,"COMÉRCIO POR ATACADO, EXCETO VEÍCULOS AUTOMOTORES E MOTOCICLETAS",461,"Representantes comerciais e agentes do comércio, exceto de veículos automotores e motocicletas"
G,COMÉRCIO; REPARAÇÃO DE VEÍCULOS AUTOMOTORES E MOTOCICLETAS,46,"COMÉRCIO POR ATACADO, EXCETO VEÍCULOS AUTOMOTORES E MOTOCICLETAS",462,Comércio atacadista de matérias-primas agrícolas e animais vivos
G,COMÉRCIO; REPARAÇÃO DE VEÍCULOS AUTOMOTORES E MOTOCICLETAS,46,"COMÉRCIO POR ATACADO, EXCETO VEÍCULOS AUTOMOTORES E MOTOCICLETAS",463,"Comércio atacadista especializado em produtos alimentícios, bebidas e fumo"
G,COMÉRCIO; REPARAÇÃO DE VEÍCULOS AUTOMOTORES E MOTOCICLETAS,46,"COMÉRCIO POR ATACADO, EXCETO VEÍCULOS AUTOMOTORES E MOTOCICLETAS",464,Comércio atacadista de produtos de consumo não-alimentar
G,COMÉRCIO; REPARAÇÃO DE VEÍCULOS AUTOMOTORES E MOTOCICLETAS,46,"COMÉRCIO POR ATACADO, EXCETO VEÍCULOS AUTOMOTORES E MOTOCICLETAS",465,Comércio atacadista de equipamentos e produtos de tecnologias de informação e comunicação
G,COMÉRCIO; REPARAÇÃO DE VEÍCULOS AUTOMOTORES E MOTOCICLETAS,46,"COMÉRCIO POR ATACADO, EXCETO VEÍCULOS AUTOMOTORES E MOTOCICLETAS",466,"Comércio atacadista de máquinas, aparelhos e equipamentos, exceto de tecnologias de informação e comunicação"
G,COMÉRCIO; REPARAÇÃO DE VEÍCULOS AUTOMOTORES E MOTOCICLETAS,46,"COMÉRCIO POR ATACADO, EXCETO VEÍCULOS AUTOMOTORES E MOTOCICLETAS",467,"Comércio atacadista de madeira, ferragens, ferramentas, material elétrico e material de construção"
G,COMÉRCIO; REPARAÇÃO DE VEÍCULOS AUTOMOTORES E MOTOCICLETAS,46,"COMÉRCIO POR ATACADO, EXCETO VEÍCULOS AUTOMOTORES E MOTOCICLETAS",468,Comércio atacadista especializado em outros produtos
G,COMÉRCIO; REPARAÇÃO DE VEÍCULOS AUTOMOTORES E MOTOCICLETAS,46,"COMÉRCIO POR ATACADO, EXCETO VEÍCULOS AUTOMOTORES E MOTOCICLETAS",469,Comércio atacadista não-especializado
G,COMÉRCIO; REPARAÇÃO DE VEÍCULOS AUTOMOTORES E MOTOCICLETAS,47,COMÉRCIO VAREJISTA,471,Comércio varejista não-especializado
G,COMÉRCIO; REPARAÇÃO DE VEÍCULOS AUTOMOTORES E MOTOCICLETAS,47,COMÉRCIO VAREJISTA,472,"Comércio varejista de produtos alimentícios, bebidas e fumo"
G,COMÉRCIO; REPARAÇÃO DE VEÍCULOS AUTOMOTORES E MOTOCICLETAS,47,COMÉRCIO VAREJISTA,473,Comércio varejista de combustíveis para veículos automotores
G,COMÉRCIO; REPARAÇÃO DE VEÍCULOS AUTOMOTORES E MOTOCICLETAS,47,COMÉRCIO VAREJISTA,474,Comércio varejista de material de construção
G,COMÉRCIO; REPARAÇÃO DE VEÍCULOS AUTOMOTORES E MOTOCICLETAS,47,COMÉRCIO VAREJISTA,475,Comércio varejista de equipamentos de informática e comunicação; equipamentos e artigos de uso doméstico
G,COMÉRCIO; REPARAÇÃO DE VEÍCULOS AUTOMOTORES E MOTOCICLETAS,47,COMÉRCIO VAREJISTA,476,"Comércio varejista de artigos culturais, recreativos e esportivos"
G,COMÉRCIO; REPARAÇÃO DE VEÍCULOS AUTOMOTORES E MOTOCICLETAS,47,COMÉRCIO VAREJISTA,477,"Comércio varejista de produtos farmacêuticos, perfumaria e cosméticos e artigos médicos, ópticos e ortopédicos"
G,COMÉRCIO; REPARAÇÃO DE VEÍCULOS AUTOMOTORES E MOTOCICLETAS,47,COMÉRCIO VAREJISTA,478,Comércio varejista de produtos novos não especificados anteriormente e de produtos usados
G,COMÉRCIO; REPARAÇÃO DE VEÍCULOS AUTOMOTORES E MOTOCICLETAS,47,COMÉRCIO VAREJISTA,479,Comércio ambulante e outros tipos de comércio varejista
H,"TRANSPORTE, ARMAZENAGEM E CORREIO",49,TRANSPORTE TERRESTRE,491,Transporte ferroviário e metroferroviário
H,"TRANSPORTE, ARMAZENAGEM E CORREIO",49,TRANSPORTE TERRESTRE,492,Transporte rodoviário de passageiros
H,"TRANSPORTE, ARMAZENAGEM E CORREIO",49,TRANSPORTE TERRESTRE,493,Transporte rodoviário de carga
H,"TRANSPORTE, ARMAZENAGEM E CORREIO",49,TRANSPORTE TERRESTRE,494,Transporte dutoviário
H,"TRANSPORTE, ARMAZENAGEM E CORREIO",49,TRANSPORTE TERRESTRE,495,"Trens turísticos, teleféricos e similares"
H,"TRANSPORTE, ARMAZENAGEM E CORREIO",50,TRANSPORTE AQUAVIÁRIO,501,Transporte marítimo de cabotagem e longo curso
H,"TRANSPORTE, ARMAZENAGEM E CORREIO",50,TRANSPORTE AQUAVIÁRIO,502,Transporte por navegação interior
H,"TRANSPORTE, ARMAZENAGEM E CORREIO",50,TRANSPORTE AQUAVIÁRIO,503,Navegação de apoio
H,"TRANSPORTE, ARMAZENAGEM E CORREIO",50,TRANSPORTE AQUAVIÁRIO,509,Outros transportes aquaviários
H,"TRANSPORTE, ARMAZENAGEM E CORREIO",51,TRANSPORTE AÉREO,511,Transporte aéreo de passageiros
H,"TRANSPORTE, ARMAZENAGEM E CORREIO",51,TRANSPORTE AÉREO,512,Transporte aéreo de carga
H,"TRANSPORTE, ARMAZENAGEM E CORREIO",51,TRANSPORTE AÉREO,513,Transporte espacial
H,"TRANSPORTE, ARMAZENAGEM E CORREIO",52,ARMAZENAMENTO E ATIVIDADES AUXILIARES DOS TRANSPORTES,521,"Armazenamento, carga e descarga"
H,"TRANSPORTE, ARMAZENAGEM E CORREIO",52,ARMAZENAMENTO E ATIVIDADES AUXILIARES DOS TRANSPORTES,522,Atividades auxiliares dos transportes terrestres
H,"TRANSPORTE, ARMAZENAGEM E CORREIO",52,ARMAZENAMENTO E ATIVIDADES AUXILIARES DOS TRANSPORTES,523,Atividades auxiliares dos transportes aquaviários
H,"TRANSPORTE, ARMAZENAGEM E CORREIO",52,ARMAZENAMENTO E ATIVIDADES AUXILIARES DOS TRANSPORTES,524,Atividades auxiliares dos transportes aéreos
H,"TRANSPORTE, ARMAZENAGEM E CORREIO",52,ARMAZENAMENTO E ATIVIDADES AUXILIARES DOS TRANSPORTES,525,Atividades relacionadas à organização do transporte de carga
H,"TRANSPORTE, ARMAZENAGEM E CORREIO",53,CORREIO E OUTRAS ATIVIDADES DE ENTREGA,531,Atividades de Correio
H,"TRANSPORTE, ARMAZENAGEM E CORREIO",53,CORREIO E OUTRAS ATIVIDADES DE ENTREGA,532,Atividades de malote e de entrega
I,ALOJAMENTO E ALIMENTAÇÃO,55,ALOJAMENTO,551,Hotéis e similares
I,ALOJAMENTO E ALIMENTAÇÃO,55,ALOJAMENTO,559,Outros tipos de alojamento não especificados anteriormente
I,ALOJAMENTO E ALIMENTAÇÃO,56,ALIMENTAÇÃO,561,Restaurantes e outros serviços de alimentação e bebidas
I,ALOJAMENTO E ALIMENTAÇÃO,56,ALIMENTAÇÃO,562,"Serviços de catering, bufê e outros serviços de comida preparada"
J,INFORMAÇÃO E COMUNICAÇÃO,58,EDIÇÃO E EDIÇÃO INTEGRADA À IMPRESSÃO,581,"Edição de livros, jornais, revistas e outras atividades de edição"
J,INFORMAÇÃO E COMUNICAÇÃO,58,EDIÇÃO E EDIÇÃO INTEGRADA À IMPRESSÃO,582,"Edição integrada à impressão de livros, jornais, revistas e outras publicações"
J,INFORMAÇÃO E COMUNICAÇÃO,59,"ATIVIDADES CINEMATOGRÁFICAS, PRODUÇÃO DE VÍDEOS E DE PROGRAMAS DE TELEVISÃO; GRAVAÇÃO DE SOM E EDIÇÃO DE MÚSICA",591,"Atividades cinematográficas, produção de vídeos e de programas de televisão"
J,INFORMAÇÃO E COMUNICAÇÃO,59,"ATIVIDADES CINEMATOGRÁFICAS, PRODUÇÃO DE VÍDEOS E DE PROGRAMAS DE TELEVISÃO; GRAVAÇÃO DE SOM E EDIÇÃO DE MÚSICA",592,Atividades de gravação de som e de edição de música
J,INFORMAÇÃO E COMUNICAÇÃO,60,ATIVIDADES DE RÁDIO E DE TELEVISÃO,601,Atividades de rádio
J,INFORMAÇÃO E COMUNICAÇÃO,60,ATIVIDADES DE RÁDIO E DE TELEVISÃO,602,Atividades de televisão
J,INFORMAÇÃO E COMUNICAÇÃO,61,TELECOMUNICAÇÕES,611,Telecomunicações por fio
J,INFORMAÇÃO E COMUNICAÇÃO,61,TELECOMUNICAÇÕES,612,Telecomunicações sem fio
J,INFORMAÇÃO E COMUNICAÇÃO,61,TELECOMUNICAÇÕES,613,Telecomunicações por satélite
J,INFORMAÇÃO E COMUNICAÇÃO,61,TELECOMUNICAÇÕES,614,Operadoras de televisão por assinatura
J,INFORMAÇÃO E COMUNICAÇÃO,61,TELECOMUNICAÇÕES,619,Outras atividades de telecomunicações
J,INFORMAÇÃO E COMUNICAÇÃO,62,ATIVIDADES DOS SERVIÇOS DE TECNOLOGIA DA INFORMAÇÃO,620,Atividades dos serviços de tecnologia da informação
J,INFORMAÇÃO E COMUNICAÇÃO,63,ATIVIDADES DE PRESTAÇÃO DE SERVIÇOS DE INFORMAÇÃO,631,"Tratamento de dados, hospedagem na internet e outras atividades relacionadas"
J,INFORMAÇÃO E COMUNICAÇÃO,63,ATIVIDADES DE PRESTAÇÃO DE SERVIÇOS DE INFORMAÇÃO,639,Outras atividades de prestação de serviços de informação
K,"ATIVIDADES FINANCEIRAS, DE SEGUROS E SERVIÇOS RELACIONADOS",64,ATIVIDADES DE SERVIÇOS FINANCEIROS,641,Banco Central
K,"ATIVIDADES FINANCEIRAS, DE SEGUROS E SERVIÇOS RELACIONADOS",64,ATIVIDADES DE SERVIÇOS FINANCEIROS,642,Intermediação monetária - depósitos à vista
K,"ATIVIDADES FINANCEIRAS, DE SEGUROS E SERVIÇOS RELACIONADOS",64,ATIVIDADES DE SERVIÇOS FINANCEIROS,643,Intermediação não-monetária - outros instrumentos de captação
K,"ATIVIDADES FINANCEIRAS, DE SEGUROS E SERVIÇOS RELACIONADOS",64,ATIVIDADES DE SERVIÇOS FINANCEIROS,644,Arrendamento mercantil
K,"ATIVIDADES FINANCEIRAS, DE SEGUROS E SERVIÇOS RELACIONADOS",64,ATIVIDADES DE SERVIÇOS FINANCEIROS,645,Sociedades de capitalização
K,"ATIVIDADES FINANCEIRAS, DE SEGUROS E SERVIÇOS RELACIONADOS",64,ATIVIDADES DE SERVIÇOS FINANCEIROS,646,Atividades de sociedades de participação
K,"ATIVIDADES FINANCEIRAS, DE SEGUROS E SERVIÇOS RELACIONADOS",64,ATIVIDADES DE SERVIÇOS FINANCEIROS,647,Fundos de investimento
K,"ATIVIDADES FINANCEIRAS, DE SEGUROS E SERVIÇOS RELACIONADOS",64,ATIVIDADES DE SERVIÇOS FINANCEIROS,649,Atividades de serviços financeiros não especificadas anteriormente
K,"ATIVIDADES FINANCEIRAS, DE SEGUROS E SERVIÇOS RELACIONADOS",65,"SEGUROS, RESSEGUROS, PREVIDÊNCIA COMPLEMENTAR E PLANOS DE SAÚDE",651,Seguros de vida e não-vida
K,"ATIVIDADES FINANCEIRAS, DE SEGUROS E SERVIÇOS RELACIONADOS",65,"SEGUROS, RESSEGUROS, PREVIDÊNCIA COMPLEMENTAR E PLANOS DE SAÚDE",652,Seguros-saúde
K,"ATIVIDADES FINANCEIRAS, DE SEGUROS E SERVIÇOS RELACIONADOS",65,"SEGUROS, RESSEGUROS, PREVIDÊNCIA COMPLEMENTAR E PLANOS DE SAÚDE",653,Resseguros
K,"ATIVIDADES FINANCEIRAS, DE SEGUROS E SERVIÇOS RELACIONADOS",65,"SEGUROS, RESSEGUROS, PREVIDÊNCIA COMPLEMENTAR E PLANOS DE SAÚDE",654,Previdência complementar
K,"ATIVIDADES FINANCEIRAS, DE SEGUROS E SERVIÇOS RELACIONADOS",65,"SEGUROS, RESSEGUROS, PREVIDÊNCIA COMPLEMENTAR E PLANOS DE SAÚDE",655,Planos de saúde
K,"ATIVIDADES FINANCEIRAS, DE SEGUROS E SERVIÇOS RELACIONADOS",66,"ATIVIDADES AUXILIARES DOS SERVIÇOS FINANCEIROS, SEGUROS, PREVIDÊNCIA COMPLEMENTAR E PLANOS DE SAÚDE",661,Atividades auxiliares dos serviços financeiros
K,"ATIVIDADES FINANCEIRAS, DE SEGUROS E SERVIÇOS RELACIONADOS",66,"ATIVIDADES AUXILIARES DOS SERVIÇOS FINANCEIROS, SEGUROS, PREVIDÊNCIA COMPLEMENTAR E PLANOS DE SAÚDE",662,"Atividades auxiliares dos seguros, da previdência complementar e dos planos de saúde"
K,"ATIVIDADES FINANCEIRAS, DE SEGUROS E SERVIÇOS RELACIONADOS",66,"ATIVIDADES AUXILIARES DOS SERVIÇOS FINANCEIROS, SEGUROS, PREVIDÊNCIA COMPLEMENTAR E PLANOS DE SAÚDE",663,Atividades de administração de fundos por contrato ou comissão
L,ATIVIDADES IMOBILIÁRIAS,68,ATIVIDADES IMOBILIÁRIAS,681,Atividades imobiliárias de imóveis próprios
L,ATIVIDADES IMOBILIÁRIAS,68,ATIVIDADES IMOBILIÁRIAS,682,Atividades imobiliárias por contrato ou comissão
M,"ATIVIDADES PROFISSIONAIS, CIENTÍFICAS E TÉCNICAS",69,"ATIVIDADES JURÍDICAS, DE CONTABILIDADE E DE AUDITORIA",691,Atividades jurídicas
M,"ATIVIDADES PROFISSIONAIS, CIENTÍFICAS E TÉCNICAS",69,"ATIVIDADES JURÍDICAS, DE CONTABILIDADE E DE AUDITORIA",692,"Atividades de contabilidade, consultoria e auditoria contábil e tributária"
M,"ATIVIDADES PROFISSIONAIS, CIENTÍFICAS E TÉCNICAS",70,ATIVIDADES DE SEDES DE EMPRESAS E DE CONSULTORIA EM GESTÃO EMPRESARIAL,701,Sedes de empresas e unidades administrativas locais
M,"ATIVIDADES PROFISSIONAIS, CIENTÍFICAS E TÉCNICAS",70,ATIVIDADES DE SEDES DE EMPRESAS E DE CONSULTORIA EM GESTÃO EMPRESARIAL,702,Atividades de consultoria em gestão empresarial
M,"ATIVIDADES PROFISSIONAIS, CIENTÍFICAS E TÉCNICAS",71,SERVIÇOS DE ARQUITETURA E ENGENHARIA; TESTES E ANÁLISES TÉCNICAS,711,Serviços de arquitetura e engenharia e atividades técnicas relacionadas
M,"ATIVIDADES PROFISSIONAIS, CIENTÍFICAS E TÉCNICAS",71,SERVIÇOS DE ARQUITETURA E ENGENHARIA; TESTES E ANÁLISES TÉCNICAS,712,Testes e análises técnicas
M,"ATIVIDADES PROFISSIONAIS, CIENTÍFICAS E TÉCNICAS",72,PESQUISA E DESENVOLVIMENTO CIENTÍFICO,721,Pesquisa e desenvolvimento experimental em ciências físicas e naturais
M,"ATIVIDADES PROFISSIONAIS, CIENTÍFICAS E TÉCNICAS",72,PESQUISA E DESENVOLVIMENTO CIENTÍFICO,722,Pesquisa e desenvolvimento experimental em ciências sociais e humanas
M,"ATIVIDADES PROFISSIONAIS, CIENTÍFICAS E TÉCNICAS",73,PUBLICIDADE E PESQUISA DE MERCADO,731,Publicidade
M,"ATIVIDADES PROFISSIONAIS, CIENTÍFICAS E TÉCNICAS",73,PUBLICIDADE E PESQUISA DE MERCADO,732,Pesquisas de mercado e de opinião pública
M,"ATIVIDADES PROFISSIONAIS, CIENTÍFICAS E TÉCNICAS",74,"OUTRAS ATIVIDADES PROFISSIONAIS, CIENTÍFICAS E TÉCNICAS",741,Design e decoração de interiores
M,"ATIVIDADES PROFISSIONAIS, CIENTÍFICAS E TÉCNICAS",74,"OUTRAS ATIVIDADES PROFISSIONAIS, CIENTÍFICAS E TÉCNICAS",742,Atividades fotográficas e similares
M,"ATIVIDADES PROFISSIONAIS, CIENTÍFICAS E TÉCNICAS",74,"OUTRAS ATIVIDADES PROFISSIONAIS, CIENTÍFICAS E TÉCNICAS",749,"Atividades profissionais, científicas e técnicas não especificadas anteriormente"
M,"ATIVIDADES PROFISSIONAIS, CIENTÍFICAS E TÉCNICAS",75,ATIVIDADES VETERINÁRIAS,750,Atividades veterinárias
N,ATIVIDADES ADMINISTRATIVAS E SERVIÇOS COMPLEMENTARES,77,ALUGUÉIS NÃO-IMOBILIÁRIOS E GESTÃO DE ATIVOS INTANGÍVEIS NÃO-FINANCEIROS,771,Locação de meios de transporte sem condutor
N,ATIVIDADES ADMINISTRATIVAS E SERVIÇOS COMPLEMENTARES,77,ALUGUÉIS NÃO-IMOBILIÁRIOS E GESTÃO DE ATIVOS INTANGÍVEIS NÃO-FINANCEIROS,772,Aluguel de objetos pessoais e domésticos
N,ATIVIDADES ADMINISTRATIVAS E SERVIÇOS COMPLEMENTARES,77,ALUGUÉIS NÃO-IMOBILIÁRIOS E GESTÃO DE ATIVOS INTANGÍVEIS NÃO-FINANCEIROS,773,Aluguel de máquinas e equipamentos sem operador
N,ATIVIDADES ADMINISTRATIVAS E SERVIÇOS COMPLEMENTARES,77,ALUGUÉIS NÃO-IMOBILIÁRIOS E GESTÃO DE ATIVOS INTANGÍVEIS NÃO-FINANCEIROS,774,Gestão de ativos intangíveis não-financeiros
N,ATIVIDADES ADMINISTRATIVAS E SERVIÇOS COMPLEMENTARES,78,"SELEÇÃO, AGENCIAMENTO E LOCAÇÃO DE MÃO-DE-OBRA",781,Seleção e agenciamento de mão-de-obra
N,ATIVIDADES ADMINISTRATIVAS E SERVIÇOS COMPLEMENTARES,78,"SELEÇÃO, AGENCIAMENTO E LOCAÇÃO DE MÃO-DE-OBRA",782,Locação de mão-de-obra temporária
N,ATIVIDADES ADMINISTRATIVAS E SERVIÇOS COMPLEMENTARES,78,"SELEÇÃO, AGENCIAMENTO E LOCAÇÃO DE MÃO-DE-OBRA",783,Fornecimento e gestão de recursos humanos para terceiros
N,ATIVIDADES ADMINISTRATIVAS E SERVIÇOS COMPLEMENTARES,79,"AGÊNCIAS DE VIAGENS, OPERADORES TURÍSTICOS E SERVIÇOS DE RESERVAS",791,Agências de viagens e operadores turísticos
N,ATIVIDADES ADMINISTRATIVAS E SERVIÇOS COMPLEMENTARES,79,"AGÊNCIAS DE VIAGENS, OPERADORES TURÍSTICOS E SERVIÇOS DE RESERVAS",799,Serviços de reservas e outros serviços de turismo não especificados anteriormente
N,ATIVIDADES ADMINISTRATIVAS E SERVIÇOS COMPLEMENTARES,80,"ATIVIDADES DE VIGILÂNCIA, SEGURANÇA E INVESTIGAÇÃO",801,"Atividades de vigilância, segurança privada e transporte de valores"
N,ATIVIDADES ADMINISTRATIVAS E SERVIÇOS COMPLEMENTARES,80,"ATIVIDADES DE VIGILÂNCIA, SEGURANÇA E INVESTIGAÇÃO",802,Atividades de monitoramento de sistemas de segurança
N,ATIVIDADES ADMINISTRATIVAS E SERVIÇOS COMPLEMENTARES,80,"ATIVIDADES DE VIGILÂNCIA, SEGURANÇA E INVESTIGAÇÃO",803,Atividades de investigação particular
N,ATIVIDADES ADMINISTRATIVAS E SERVIÇOS COMPLEMENTARES,81,SERVIÇOS PARA EDIFÍCIOS E ATIVIDADES PAISAGÍSTICAS,811,Serviços combinados para apoio a edifícios
N,ATIVIDADES ADMINISTRATIVAS E SERVIÇOS COMPLEMENTARES,81,SERVIÇOS PARA EDIFÍCIOS E ATIVIDADES PAISAGÍSTICAS,812,Atividades de limpeza
N,ATIVIDADES ADMINISTRATIVAS E SERVIÇOS COMPLEMENTARES,81,SERVIÇOS PARA EDIFÍCIOS E ATIVIDADES PAISAGÍSTICAS,813,Atividades paisagísticas
N,ATIVIDADES ADMINISTRATIVAS E SERVIÇOS COMPLEMENTARES,82,"SERVIÇOS DE ESCRITÓRIO, DE APOIO ADMINISTRATIVO E OUTROS SERVIÇOS PRESTADOS PRINCIPALMENTE ÀS EMPRESAS",821,Serviços de escritório e apoio administrativo
N,ATIVIDADES ADMINISTRATIVAS E SERVIÇOS COMPLEMENTARES,82,"SERVIÇOS DE ESCRITÓRIO, DE APOIO ADMINISTRATIVO E OUTROS SERVIÇOS PRESTADOS PRINCIPALMENTE ÀS EMPRESAS",822,Atividades de teleatendimento
N,ATIVIDADES ADMINISTRATIVAS E SERVIÇOS COMPLEMENTARES,82,"SERVIÇOS DE ESCRITÓRIO, DE APOIO ADMINISTRATIVO E OUTROS SERVIÇOS PRESTADOS PRINCIPALMENTE ÀS EMPRESAS",823,"Atividades de organização de eventos, exceto culturais e esportivos"
N,ATIVIDADES ADMINISTRATIVAS E SERVIÇOS COMPLEMENTARES,82,"SERVIÇOS DE ESCRITÓRIO, DE APOIO ADMINISTRATIVO E OUTROS SERVIÇOS PRESTADOS PRINCIPALMENTE ÀS EMPRESAS",829,Outras atividades de serviços prestados principalmente às empresas
O,"ADMINISTRAÇÃO PÚBLICA, DEFESA E SEGURIDADE SOCIAL",84,"ADMINISTRAÇÃO PÚBLICA, DEFESA E SEGURIDADE SOCIAL",841,Administração do estado e da política econômica e social
O,"ADMINISTRAÇÃO PÚBLICA, DEFESA E SEGURIDADE SOCIAL",84,"ADMINISTRAÇÃO PÚBLICA, DEFESA E SEGURIDADE SOCIAL",842,Serviços coletivos prestados pela administração pública
O,"ADMINISTRAÇÃO PÚBLICA, DEFESA E SEGURIDADE SOCIAL",84,"ADMINISTRAÇÃO PÚBLICA, DEFESA E SEGURIDADE SOCIAL",843,Seguridade social obrigatória
P,EDUCAÇÃO,85,EDUCAÇÃO,851,Educação infantil e ensino fundamental
P,EDUCAÇÃO,85,EDUCAÇÃO,852,Ensino médio
P,EDUCAÇÃO,85,EDUCAÇÃO,853,Educação superior
P,EDUCAÇÃO,85,EDUCAÇÃO,854,Educação profissional de nível técnico e tecnológico
P,EDUCAÇÃO,85,EDUCAÇÃO,855,Atividades de apoio à educação
P,EDUCAÇÃO,85,EDUCAÇÃO,859,Outras atividades de ensino
Q,SAÚDE HUMANA E SERVIÇOS SOCIAIS,86,ATIVIDADES DE ATENÇÃO À SAÚDE HUMANA,861,Atividades de atendimento hospitalar
Q,SAÚDE HUMANA E SERVIÇOS SOCIAIS,86,ATIVIDADES DE ATENÇÃO À SAÚDE HUMANA,862,Serviços móveis de atendimento a urgências e de remoção de pacientes
Q,SAÚDE HUMANA E SERVIÇOS SOCIAIS,86,ATIVIDADES DE ATENÇÃO À SAÚDE HUMANA,863,Atividades de atenção ambulatorial executadas por médicos e odontólogos
Q,SAÚDE HUMANA E SERVIÇOS SOCIAIS,86,ATIVIDADES DE ATENÇÃO À SAÚDE HUMANA,864,Atividades de serviços de complementação diagnóstica e terapêutica
Q,SAÚDE HUMANA E SERVIÇOS SOCIAIS,86,ATIVIDADES DE ATENÇÃO À SAÚDE HUMANA,865,"Atividades de profissionais da área de saúde, exceto médicos e odontólogos"
Q,SAÚDE HUMANA E SERVIÇOS SOCIAIS,86,ATIVIDADES DE ATENÇÃO À SAÚDE HUMANA,866,Atividades de apoio à gestão de saúde
Q,SAÚDE HUMANA E SERVIÇOS SOCIAIS,86,ATIVIDADES DE ATENÇÃO À SAÚDE HUMANA,869,Atividades de atenção à saúde humana não especificadas anteriormente
Q,SAÚDE HUMANA E SERVIÇOS SOCIAIS,87,"ATIVIDADES DE ATENÇÃO À SAÚDE HUMANA INTEGRADAS COM ASSISTÊNCIA SOCIAL, PRESTADAS EM RESIDÊNCIAS COLETIVAS E PARTICULARES",871,"Atividades de assistência a idosos, deficientes físicos, imunodeprimidos e convalescentes, e de infra-estrutura e apoio a pacientes prestadas em residências coletivas e particulares"
Q,SAÚDE HUMANA E SERVIÇOS SOCIAIS,87,"ATIVIDADES DE ATENÇÃO À SAÚDE HUMANA INTEGRADAS COM ASSISTÊNCIA SOCIAL, PRESTADAS EM RESIDÊNCIAS COLETIVAS E PARTICULARES",872,"Atividades de assistência psicossocial e à saúde a portadores de distúrbios psíquicos, deficiência mental e dependência química"
Q,SAÚDE HUMANA E SERVIÇOS SOCIAIS,87,"ATIVIDADES DE ATENÇÃO À SAÚDE HUMANA INTEGRADAS COM ASSISTÊNCIA SOCIAL, PRESTADAS EM RESIDÊNCIAS COLETIVAS E PARTICULARES",873,Atividades de assistência social prestadas em residências coletivas e particulares
Q,SAÚDE HUMANA E SERVIÇOS SOCIAIS,88,SERVIÇOS DE ASSISTÊNCIA SOCIAL SEM ALOJAMENTO,880,Serviços de assistência social sem alojamento
R,"ARTES, CULTURA, ESPORTE E RECREAÇÃO",90,"ATIVIDADES ARTÍSTICAS, CRIATIVAS E DE ESPETÁCULOS",900,"Atividades artísticas, criativas e de espetáculos"
R,"ARTES, CULTURA, ESPORTE E RECREAÇÃO",91,ATIVIDADES LIGADAS AO PATRIMÔNIO CULTURAL E AMBIENTAL,910,Atividades ligadas ao patrimônio cultural e ambiental
R,"ARTES, CULTURA, ESPORTE E RECREAÇÃO",92,ATIVIDADES DE EXPLORAÇÃO DE JOGOS DE AZAR E APOSTAS,920,Atividades de exploração de jogos de azar e apostas
R,"ARTES, CULTURA, ESPORTE E RECREAÇÃO",93,ATIVIDADES ESPORTIVAS E DE RECREAÇÃO E LAZER,931,Atividades esportivas
R,"ARTES, CULTURA, ESPORTE E RECREAÇÃO",93,ATIVIDADES ESPORTIVAS E DE RECREAÇÃO E LAZER,932,Atividades de recreação e lazer
S,OUTRAS ATIVIDADES DE SERVIÇOS,94,ATIVIDADES DE ORGANIZAÇÕES ASSOCIATIVAS,941,"Atividades de organizações associativas patronais, empresariais e profissionais"
S,OUTRAS ATIVIDADES DE SERVIÇOS,94,ATIVIDADES DE ORGANIZAÇÕES ASSOCIATIVAS,942,Atividades de organizações sindicais
S,OUTRAS ATIVIDADES DE SERVIÇOS,94,ATIVIDADES DE ORGANIZAÇÕES ASSOCIATIVAS,943,Atividades de associações de defesa de direitos sociais
S,OUTRAS ATIVIDADES DE SERVIÇOS,94,ATIVIDADES DE ORGANIZAÇÕES ASSOCIATIVAS,949,Atividades de organizações associativas não especificadas anteriormente
S,OUTRAS ATIVIDADES DE SERVIÇOS,95,REPARAÇÃO E MANUTENÇÃO DE EQUIPAMENTOS DE INFORMÁTICA E COMUNICAÇÃO E DE OBJETOS PESSOAIS E DOMÉSTICOS,951,Reparação e manutenção de equipamentos de informática e comunicação
S,OUTRAS ATIVIDADES DE SERVIÇOS,95,REPARAÇÃO E MANUTENÇÃO DE EQUIPAMENTOS DE INFORMÁTICA E COMUNICAÇÃO E DE OBJETOS PESSOAIS E DOMÉSTICOS,952,Reparação e manutenção de objetos e equipamentos pessoais e domésticos
S,OUTRAS ATIVIDADES DE SERVIÇOS,96,OUTRAS ATIVIDADES DE SERVIÇOS PESSOAIS,960,Outras atividades de serviços pessoais
T,SERVIÇOS DOMÉSTICOS,97,SERVIÇOS DOMÉSTICOS,970,Serviços domésticos
U,ORGANISMOS INTERNACIONAIS E OUTRAS INSTITUIÇÕES EXTRATERRITORIAIS,99,ORGANISMOS INTERNACIONAIS E OUTRAS INSTITUIÇÕES EXTRATERRITORIAIS,990,Organismos internacionais e outras instituições extraterritoriais
