cnae95_classe,cnae20_classe,grupo_codigo
01147,01148,011
01198,01164,011
01210,01211,012
01228,01229,012
01317,01334,013
01392,01393,013
01465,01598,015
01619,01610,016
01627,01628,016
02119,02101,021
02127,02209,022
05118,03116,031
05126,03221,032
10006,05003,050
13102,07103,071
13218,07219,072
13226,07227,072
13234,07235,072
13242,07243,072
13293,07294,072
14109,08100,081
14214,08916,089
14222,08924,089
14290,08932,089
15113,10112,101
15121,10121,101
15814,10911,109
15890,10996,109
15954,11224,112
16004,12204,122
17418,13219,132
17493,13235,132
17612,13511,135
17647,13545,135
18112,14118,141
18139,14134,141
18228,32922,329
19313,15319,153
19330,15335,153
19399,15394,153
20230,16234,162
20290,16293,162
21326,17338,173
21490,17494,174
22152,58115,581
22195,58298,582
22225,18130,181
22292,18211,182
23302,20193,201
24295,20291,202
24546,32507,325
24619,20525,205
24627,20517,205
24635,20517,205
24694,20517,205
24716,20614,206
25291,22293,222
26999,23991,239
27499,24491,244
28134,25136,251
28215,25217,252
28223,25225,252
28916,25918,259
28991,25993,259
29114,28119,281
29122,28127,281
29130,28135,281
29149,28143,281
29157,28151,281
29211,28216,282
29220,28216,282
29238,28224,282
29246,28232,282
29297,28291,282
29319,28330,283
29408,28402,284
29513,28518,285
29521,28526,285
29548,28542,285
29610,28615,286
29629,28623,286
29637,28631,286
29645,28640,286
29653,28658,286
29696,28691,286
29726,25501,255
30120,28291,282
31119,27104,271
31127,27104,271
31135,27104,271
31216,27317,273
31526,27406,274
31925,27902,279
31992,27902,279
32212,26311,263
33103,26604,266
33200,26515,265
33308,26515,265
33405,32507,325
33910,33121,331
34312,29301,293
35114,30113,301
35122,30121,301
35319,30415,304
36110,31012,310
36129,31021,310
36137,31039,310
36943,32400,324
36994,32990,329
37206,38394,383
45110,43118,431
45128,43916,439
45136,43134,431
45217,41204,412
45225,42111,421
45250,42928,429
45292,42995,429
45411,43215,432
45500,43304,433
45608,43134,431
50105,45111,451
50202,45200,452
50415,45412,454
50504,47318,473
51187,46184,461
51217,46222,462
51390,46371,463
51411,46419,464
51420,46427,464
51454,46443,464
51519,46818,468
51535,46745,467
51543,46842,468
51594,46851,468
51640,46656,466
51659,46516,465
51691,46630,466
51918,46915,469
51926,46699,466
52299,47229,472
52418,47717,477
52426,47539,475
52434,47547,475
52442,47890,478
52450,47512,475
52493,47890,478
52710,95215,952
60100,49116,491
60240,49221,492
60259,49299,492
60283,49302,493
60291,49124,491
61115,50114,501
61212,50220,502
62103,51111,511
62200,51129,511
63215,52214,522
63223,50301,503
63231,52401,524
63304,79112,791
63401,52320,523
64203,61302,613
65595,64999,649
65935,77403,774
65994,64999,649
66125,65120,651
67121,66126,661
67202,66291,662
70106,68102,681
70327,68218,682
71218,77195,771
71390,77390,773
71404,77292,772
72214,62031,620
72290,62015,620
72400,63194,631
72508,95118,951
74110,69117,691
74160,70204,702
74209,71120,711
74403,73114,731
74500,78205,782
74608,80111,801
74705,81214,812
74993,82997,829
80993,85996,859
85120,86216,862
85138,86305,863
85154,86500,865
85162,86909,869
85316,87301,873
85324,88006,880
90000,38211,382
91995,94995,949
92118,59111,591
92215,60101,601
92223,60217,602
92312,90019,900
92320,90035,900
92398,90019,900
92401,63917,639
92614,93123,931
92622,93298,932
93041,96092,960
93092,96092,960
01112,01113,011
01120,01121,011
01139,01130,011
01155,01156,011
01325,01342,013
01333,01351,013
01341,01326,013
01414,01512,015
01422,01521,015
01430,01539,015
01449,01547,015
01457,01555,015
01708,01709,017
02135,02306,023
11100,06000,060
11207,09106,091
13250,07251,072
15130,10139,101
15148,10201,102
15210,10317,103
15229,10325,103
15237,10333,103
15318,10414,104
15326,10422,104
15334,10431,104
15415,10511,105
15423,10520,105
15431,10538,105
15512,10619,106
15520,10627,106
15539,10635,106
15547,10643,106
15555,10651,106
15563,10660,106
15598,10694,106
15610,10716,107
15628,10724,107
15717,10813,108
15725,10821,108
15822,10929,109
15830,10937,109
15849,10945,109
15857,10953,109
15865,10996,109
15911,11119,111
15920,11127,111
15938,11135,111
15946,11216,112
17116,13111,131
17191,13120,131
17213,13111,131
17221,13120,131
17230,13138,131
17248,13146,131
17310,13219,132
17329,13227,132
17337,13235,132
17507,13405,134
17620,13529,135
17639,13537,135
17698,13596,135
17710,13308,133
17728,14215,142
17795,14223,142
18120,14126,141
18210,14142,141
19100,15106,151
19216,15211,152
19291,15297,152
19321,15327,153
20109,16102,161
20214,16218,162
20222,16226,162
21105,17109,171
21210,17214,172
21229,17222,172
21318,17311,173
21415,17419,174
21423,17419,174
22144,59201,592
22160,58212,582
22179,58221,582
22187,58239,582
22217,18113,181
22314,18300,183
22322,18300,183
22349,18300,183
23108,19101,191
23213,19217,192
23299,19225,192
23400,19314,193
24112,20118,201
24120,20126,201
24139,20134,201
24147,20142,201
24198,20193,201
24210,20215,202
24228,20223,202
24317,20312,203
24325,20321,203
24333,20339,203
24414,20401,204
24422,20401,204
24511,21106,211
24520,21211,212
24538,21220,212
24724,20622,206
24732,20631,206
24813,20711,207
24821,20720,207
24830,20738,207
24910,20916,209
24929,20924,209
24937,20941,209
24945,20932,209
24953,20991,209
24961,26809,268
24996,20991,209
25119,22111,221
25127,22129,221
25194,22196,221
25216,22218,222
25224,22226,222
26115,23117,231
26123,23125,231
26190,23192,231
26204,23206,232
26301,23303,233
26417,23427,234
26425,23419,234
26492,23494,234
26913,23915,239
26921,23923,239
27138,24113,241
27146,24121,241
27235,24211,242
27243,24229,242
27251,24237,242
27260,24245,242
27316,24318,243
27391,24393,243
27413,24415,244
27421,24423,244
27510,24512,245
27529,24521,245
28118,25110,251
28126,25128,251
28312,25314,253
28320,25314,253
28339,25322,253
28347,25322,253
28398,25390,253
28410,25411,254
28428,25420,254
28436,25438,254
28819,33112,331
28827,33112,331
28924,25926,259
28932,25934,259
29254,28241,282
29327,28313,283
29530,28534,285
29718,25501,255
29815,27511,275
29890,27597,275
29912,33147,331
29920,33147,331
29939,33147,331
29947,33147,331
29955,33147,331
29963,33147,331
30112,28291,282
30210,26213,262
30228,26221,262
31224,27325,273
31305,27333,273
31410,27210,272
31429,27228,272
31518,27406,274
31607,29450,294
31810,33139,331
31828,33139,331
31895,33139,331
31917,27902,279
32107,26108,261
32220,26329,263
32301,26400,264
32905,95126,951
33502,26523,265
33928,33121,331
33936,33121,331
33944,33121,331
34100,29107,291
34207,29204,292
34320,29301,293
34398,29301,293
34410,29417,294
34428,29425,294
34436,29433,294
34444,29441,294
34495,29492,294
34509,29506,295
35211,30318,303
35220,30326,303
35238,33155,331
35327,33163,331
35912,30911,309
35920,30920,309
35998,30997,309
36145,31047,310
36919,32116,321
36927,32205,322
36935,32302,323
36951,32990,329
36960,32990,329
36978,32914,329
37109,38319,383
40118,35115,351
40126,35123,351
40134,35131,351
40142,35140,351
40207,35204,352
40304,35301,353
41009,36006,360
45233,42120,421
45314,42219,422
45330,42219,422
45420,43223,432
45438,43223,432
45497,43291,432
50300,45307,453
50423,45439,454
51110,46117,461
51128,46125,461
51136,46133,461
51144,46141,461
51152,46150,461
51160,46168,461
51179,46176,461
51195,46192,461
51225,46231,462
51314,46311,463
51322,46320,463
51330,46338,463
51349,46346,463
51357,46346,463
51365,46354,463
51373,46362,463
51438,46435,464
51446,46494,464
51462,46460,464
51470,46478,464
51497,46494,464
51527,46893,468
51551,46877,468
51616,46613,466
52116,47113,471
52124,47113,471
52132,47121,471
52140,47296,472
52159,47130,471
52213,47211,472
52221,47211,472
52230,47229,472
52248,47237,472
52310,47555,475
52329,47814,478
52337,47822,478
52469,47610,476
52477,47849,478
52507,47857,478
52620,47903,479
52698,36006,360
52728,95291,952
52795,95291,952
55131,55108,551
55190,55906,559
55212,56112,561
55220,56112,561
55239,56201,562
55247,56201,562
55298,56121,561
60216,49124,491
60224,49124,491
60232,49213,492
60267,49302,493
60275,49302,493
60305,49400,494
61123,50122,501
61220,50211,502
61239,50912,509
62308,51307,513
63118,52125,521
63126,52117,521
64114,53105,531
64122,53202,532
65102,64107,641
65218,64212,642
65226,64221,642
65234,64239,642
65242,64247,642
65315,64310,643
65323,64328,643
65331,64336,643
65340,64352,643
65358,64361,643
65404,64409,644
65510,64344,643
65919,64701,647
65927,64506,645
66117,65111,651
66133,65308,653
66214,65413,654
66222,65421,654
66303,65502,655
67113,66118,661
67199,66193,661
70203,68102,681
70319,68218,682
70408,81125,811
71102,77110,771
71226,77195,771
71234,77195,771
71315,77314,773
71323,77322,773
71331,77331,773
72109,62040,620
72303,63119,631
72907,62091,620
73105,72100,721
73202,72207,722
74128,69206,692
74136,73203,732
74144,64620,646
74152,70107,701
74306,71201,712
74918,74200,742
74926,82920,829
75116,84116,841
75124,84124,841
75132,84132,841
75140,84116,841
75213,84213,842
75221,84221,842
75230,84230,842
75248,84248,842
75256,84256,842
75302,84302,843
80136,85112,851
80144,85121,851
80152,85139,851
80209,85201,852
80314,85317,853
80322,85325,853
80330,85333,853
80969,85414,854
80977,85422,854
85111,86101,861
85146,86402,864
85200,75001,750
91111,94111,941
91120,94120,941
91200,94201,942
91910,94910,949
91928,94928,949
92126,59138,591
92134,59146,591
92517,91015,910
92525,91023,910
92533,91031,910
93017,96017,960
93025,96025,960
93033,96033,960
95001,97005,970
99007,99008,990
