grupo_codigo,grupo_nome,secao_codigo,secao_nome
492,TRANSPORTE RODOVIÁRIO DE PASSAGEIROS,H,"TRANSPORTE, ARMAZENAGEM E CORREIO"
161,DESDOBRAMENTO DE MADEIRA,C,INDÚSTRIAS DE TRANSFORMAÇÃO
462,COMÉRCIO ATACADISTA DE MATÉRIAS-PRIMAS AGRÍCOLAS E ANIMAIS VIVOS,G,COMÉRCIO; REPARAÇÃO DE VEÍCULOS AUTOMOTORES E MOTOCICLETAS
331,MANUTENÇÃO E REPARAÇÃO DE MÁQUINAS E EQUIPAMENTOS,C,INDÚSTRIAS DE TRANSFORMAÇÃO
562,"SERVIÇOS DE CATERING, BUFÊ E OUTROS SERVIÇOS DE COMIDA PREPARADA",I,ALOJAMENTO E ALIMENTAÇÃO
661,ATIVIDADES AUXILIARES DOS SERVIÇOS FINANCEIROS,K,"ATIVIDADES FINANCEIRAS, DE SEGUROS E SERVIÇOS RELACIONADOS"
011,PRODUÇÃO DE LAVOURAS TEMPORÁRIAS,A,"AGRICULTURA, PECUÁRIA, PRODUÇÃO FLORESTAL, PESCA E AQÜICULTURA"
772,ALUGUEL DE OBJETOS PESSOAIS E DOMÉSTICOS,N,ATIVIDADES ADMINISTRATIVAS E SERVIÇOS COMPLEMENTARES
013,PRODUÇÃO DE LAVOURAS PERMANENTES,A,"AGRICULTURA, PECUÁRIA, PRODUÇÃO FLORESTAL, PESCA E AQÜICULTURA"
072,EXTRAÇÃO DE MINERAIS METÁLICOS NÃO-FERROSOS,B,INDÚSTRIAS EXTRATIVAS
015,PECUÁRIA,A,"AGRICULTURA, PECUÁRIA, PRODUÇÃO FLORESTAL, PESCA E AQÜICULTURA"
012,HORTICULTURA E FLORICULTURA,A,"AGRICULTURA, PECUÁRIA, PRODUÇÃO FLORESTAL, PESCA E AQÜICULTURA"
014,PRODUÇÃO DE SEMENTES E MUDAS CERTIFICADAS,A,"AGRICULTURA, PECUÁRIA, PRODUÇÃO FLORESTAL, PESCA E AQÜICULTURA"
016,ATIVIDADES DE APOIO À AGRICULTURA E À PECUÁRIA; ATIVIDADES DE PÓS-COLHEITA,A,"AGRICULTURA, PECUÁRIA, PRODUÇÃO FLORESTAL, PESCA E AQÜICULTURA"
021,PRODUÇÃO FLORESTAL - FLORESTAS PLANTADAS,A,"AGRICULTURA, PECUÁRIA, PRODUÇÃO FLORESTAL, PESCA E AQÜICULTURA"
017,CAÇA E SERVIÇOS RELACIONADOS,A,"AGRICULTURA, PECUÁRIA, PRODUÇÃO FLORESTAL, PESCA E AQÜICULTURA"
022,PRODUÇÃO FLORESTAL - FLORESTAS NATIVAS,A,"AGRICULTURA, PECUÁRIA, PRODUÇÃO FLORESTAL, PESCA E AQÜICULTURA"
023,ATIVIDADES DE APOIO À PRODUÇÃO FLORESTAL,A,"AGRICULTURA, PECUÁRIA, PRODUÇÃO FLORESTAL, PESCA E AQÜICULTURA"
031,PESCA,A,"AGRICULTURA, PECUÁRIA, PRODUÇÃO FLORESTAL, PESCA E AQÜICULTURA"
463,"COMÉRCIO ATACADISTA ESPECIALIZADO EM PRODUTOS ALIMENTÍCIOS, BEBIDAS E FUMO",G,COMÉRCIO; REPARAÇÃO DE VEÍCULOS AUTOMOTORES E MOTOCICLETAS
071,EXTRAÇÃO DE MINÉRIO DE FERRO,B,INDÚSTRIAS EXTRATIVAS
032,AQÜICULTURA,A,"AGRICULTURA, PECUÁRIA, PRODUÇÃO FLORESTAL, PESCA E AQÜICULTURA"
050,EXTRAÇÃO DE CARVÃO MINERAL,B,INDÚSTRIAS EXTRATIVAS
060,EXTRAÇÃO DE PETRÓLEO E GÁS NATURAL,B,INDÚSTRIAS EXTRATIVAS
081,"EXTRAÇÃO DE PEDRA, AREIA E ARGILA",B,INDÚSTRIAS EXTRATIVAS
101,ABATE E FABRICAÇÃO DE PRODUTOS DE CARNE,C,INDÚSTRIAS DE TRANSFORMAÇÃO
662,"ATIVIDADES AUXILIARES DOS SEGUROS, DA PREVIDÊNCIA COMPLEMENTAR E DOS PLANOS DE SAÚDE",K,"ATIVIDADES FINANCEIRAS, DE SEGUROS E SERVIÇOS RELACIONADOS"
960,OUTRAS ATIVIDADES DE SERVIÇOS PESSOAIS,S,OUTRAS ATIVIDADES DE SERVIÇOS
089,EXTRAÇÃO DE OUTROS MINERAIS NÃO-METÁLICOS,B,INDÚSTRIAS EXTRATIVAS
104,FABRICAÇÃO DE ÓLEOS E GORDURAS VEGETAIS E ANIMAIS,C,INDÚSTRIAS DE TRANSFORMAÇÃO
105,LATICÍNIOS,C,INDÚSTRIAS DE TRANSFORMAÇÃO
135,"FABRICAÇÃO DE ARTEFATOS TÊXTEIS, EXCETO VESTUÁRIO",C,INDÚSTRIAS DE TRANSFORMAÇÃO
091,ATIVIDADES DE APOIO À EXTRAÇÃO DE PETRÓLEO E GÁS NATURAL,B,INDÚSTRIAS EXTRATIVAS
099,"ATIVIDADES DE APOIO À EXTRAÇÃO DE MINERAIS, EXCETO PETRÓLEO E GÁS NATURAL",B,INDÚSTRIAS EXTRATIVAS
102,PRESERVAÇÃO DO PESCADO E FABRICAÇÃO DE PRODUTOS DO PESCADO,C,INDÚSTRIAS DE TRANSFORMAÇÃO
103,"FABRICAÇÃO DE CONSERVAS DE FRUTAS, LEGUMES E OUTROS VEGETAIS",C,INDÚSTRIAS DE TRANSFORMAÇÃO
106,"MOAGEM, FABRICAÇÃO DE PRODUTOS AMILÁCEOS E DE ALIMENTOS PARA ANIMAIS",C,INDÚSTRIAS DE TRANSFORMAÇÃO
107,FABRICAÇÃO E REFINO DE AÇÚCAR,C,INDÚSTRIAS DE TRANSFORMAÇÃO
108,TORREFAÇÃO E MOAGEM DE CAFÉ,C,INDÚSTRIAS DE TRANSFORMAÇÃO
142,FABRICAÇÃO DE ARTIGOS DE MALHARIA E TRICOTAGEM,C,INDÚSTRIAS DE TRANSFORMAÇÃO
476,"COMÉRCIO VAREJISTA DE ARTIGOS CULTURAIS, RECREATIVOS E ESPORTIVOS",G,COMÉRCIO; REPARAÇÃO DE VEÍCULOS AUTOMOTORES E MOTOCICLETAS
206,"FABRICAÇÃO DE SABÕES, DETERGENTES, PRODUTOS DE LIMPEZA, COSMÉTICOS, PRODUTOS DE PERFUMARIA E DE HIGIENE PESSOAL",C,INDÚSTRIAS DE TRANSFORMAÇÃO
109,FABRICAÇÃO DE OUTROS PRODUTOS ALIMENTÍCIOS,C,INDÚSTRIAS DE TRANSFORMAÇÃO
131,PREPARAÇÃO E FIAÇÃO DE FIBRAS TÊXTEIS,C,INDÚSTRIAS DE TRANSFORMAÇÃO
111,FABRICAÇÃO DE BEBIDAS ALCOÓLICAS,C,INDÚSTRIAS DE TRANSFORMAÇÃO
112,FABRICAÇÃO DE BEBIDAS NÃO-ALCOÓLICAS,C,INDÚSTRIAS DE TRANSFORMAÇÃO
121,PROCESSAMENTO INDUSTRIAL DO FUMO,C,INDÚSTRIAS DE TRANSFORMAÇÃO
122,FABRICAÇÃO DE PRODUTOS DO FUMO,C,INDÚSTRIAS DE TRANSFORMAÇÃO
132,"TECELAGEM, EXCETO MALHA",C,INDÚSTRIAS DE TRANSFORMAÇÃO
133,FABRICAÇÃO DE TECIDOS DE MALHA,C,INDÚSTRIAS DE TRANSFORMAÇÃO
134,"ACABAMENTOS EM FIOS, TECIDOS E ARTEFATOS TÊXTEIS",C,INDÚSTRIAS DE TRANSFORMAÇÃO
193,FABRICAÇÃO DE BIOCOMBUSTÍVEIS,C,INDÚSTRIAS DE TRANSFORMAÇÃO
141,CONFECÇÃO DE ARTIGOS DO VESTUÁRIO E ACESSÓRIOS,C,INDÚSTRIAS DE TRANSFORMAÇÃO
162,"FABRICAÇÃO DE PRODUTOS DE MADEIRA, CORTIÇA E MATERIAL TRANÇADO, EXCETO MÓVEIS",C,INDÚSTRIAS DE TRANSFORMAÇÃO
151,CURTIMENTO E OUTRAS PREPARAÇÕES DE COURO,C,INDÚSTRIAS DE TRANSFORMAÇÃO
152,FABRICAÇÃO DE ARTIGOS PARA VIAGEM E DE ARTEFATOS DIVERSOS DE COURO,C,INDÚSTRIAS DE TRANSFORMAÇÃO
153,FABRICAÇÃO DE CALÇADOS,C,INDÚSTRIAS DE TRANSFORMAÇÃO
154,"FABRICAÇÃO DE PARTES PARA CALÇADOS, DE QUALQUER MATERIAL",C,INDÚSTRIAS DE TRANSFORMAÇÃO
464,COMÉRCIO ATACADISTA DE PRODUTOS DE CONSUMO NÃO-ALIMENTAR,G,COMÉRCIO; REPARAÇÃO DE VEÍCULOS AUTOMOTORES E MOTOCICLETAS
859,OUTRAS ATIVIDADES DE ENSINO,P,EDUCAÇÃO
171,FABRICAÇÃO DE CELULOSE E OUTRAS PASTAS PARA A FABRICAÇÃO DE PAPEL,C,INDÚSTRIAS DE TRANSFORMAÇÃO
172,"FABRICAÇÃO DE PAPEL, CARTOLINA E PAPEL-CARTÃO",C,INDÚSTRIAS DE TRANSFORMAÇÃO
173,"FABRICAÇÃO DE EMBALAGENS DE PAPEL, CARTOLINA, PAPEL-CARTÃO E PAPELÃO ONDULADO",C,INDÚSTRIAS DE TRANSFORMAÇÃO
174,"FABRICAÇÃO DE PRODUTOS DIVERSOS DE PAPEL, CARTOLINA, PAPEL-CARTÃO E PAPELÃO ONDULADO",C,INDÚSTRIAS DE TRANSFORMAÇÃO
192,FABRICAÇÃO DE PRODUTOS DERIVADOS DO PETRÓLEO,C,INDÚSTRIAS DE TRANSFORMAÇÃO
181,ATIVIDADE DE IMPRESSÃO,C,INDÚSTRIAS DE TRANSFORMAÇÃO
201,FABRICAÇÃO DE PRODUTOS QUÍMICOS INORGÂNICOS,C,INDÚSTRIAS DE TRANSFORMAÇÃO
182,SERVIÇOS DE PRÉ-IMPRESSÃO E ACABAMENTOS GRÁFICOS,C,INDÚSTRIAS DE TRANSFORMAÇÃO
183,REPRODUÇÃO DE MATERIAIS GRAVADOS EM QUALQUER SUPORTE,C,INDÚSTRIAS DE TRANSFORMAÇÃO
191,COQUERIAS,C,INDÚSTRIAS DE TRANSFORMAÇÃO
212,FABRICAÇÃO DE PRODUTOS FARMACÊUTICOS,C,INDÚSTRIAS DE TRANSFORMAÇÃO
202,FABRICAÇÃO DE PRODUTOS QUÍMICOS ORGÂNICOS,C,INDÚSTRIAS DE TRANSFORMAÇÃO
203,FABRICAÇÃO DE RESINAS E ELASTÔMEROS,C,INDÚSTRIAS DE TRANSFORMAÇÃO
204,FABRICAÇÃO DE FIBRAS ARTIFICIAIS E SINTÉTICAS,C,INDÚSTRIAS DE TRANSFORMAÇÃO
205,FABRICAÇÃO DE DEFENSIVOS AGRÍCOLAS E DESINFESTANTES DOMISSANITÁRIOS,C,INDÚSTRIAS DE TRANSFORMAÇÃO
207,"FABRICAÇÃO DE TINTAS, VERNIZES, ESMALTES, LACAS E PRODUTOS AFINS",C,INDÚSTRIAS DE TRANSFORMAÇÃO
209,FABRICAÇÃO DE PRODUTOS E PREPARADOS QUÍMICOS DIVERSOS,C,INDÚSTRIAS DE TRANSFORMAÇÃO
211,FABRICAÇÃO DE PRODUTOS FARMOQUÍMICOS,C,INDÚSTRIAS DE TRANSFORMAÇÃO
234,FABRICAÇÃO DE PRODUTOS CERÂMICOS,C,INDÚSTRIAS DE TRANSFORMAÇÃO
221,FABRICAÇÃO DE PRODUTOS DE BORRACHA,C,INDÚSTRIAS DE TRANSFORMAÇÃO
239,APARELHAMENTO DE PEDRAS E FABRICAÇÃO DE OUTROS PRODUTOS DE MINERAIS NÃO-METÁLICOS,C,INDÚSTRIAS DE TRANSFORMAÇÃO
244,METALURGIA DOS METAIS NÃO-FERROSOS,C,INDÚSTRIAS DE TRANSFORMAÇÃO
329,FABRICAÇÃO DE PRODUTOS DIVERSOS,C,INDÚSTRIAS DE TRANSFORMAÇÃO
222,FABRICAÇÃO DE PRODUTOS DE MATERIAL PLÁSTICO,C,INDÚSTRIAS DE TRANSFORMAÇÃO
360,"CAPTAÇÃO, TRATAMENTO E DISTRIBUIÇÃO DE ÁGUA",E,"ÁGUA, ESGOTO, ATIVIDADES DE GESTÃO DE RESÍDUOS E DESCONTAMINAÇÃO"
231,FABRICAÇÃO DE VIDRO E DE PRODUTOS DO VIDRO,C,INDÚSTRIAS DE TRANSFORMAÇÃO
242,SIDERURGIA,C,INDÚSTRIAS DE TRANSFORMAÇÃO
232,FABRICAÇÃO DE CIMENTO,C,INDÚSTRIAS DE TRANSFORMAÇÃO
233,"FABRICAÇÃO DE ARTEFATOS DE CONCRETO, CIMENTO, FIBROCIMENTO, GESSO E MATERIAIS SEMELHANTES",C,INDÚSTRIAS DE TRANSFORMAÇÃO
259,FABRICAÇÃO DE PRODUTOS DE METAL NÃO ESPECIFICADOS ANTERIORMENTE,C,INDÚSTRIAS DE TRANSFORMAÇÃO
241,PRODUÇÃO DE FERRO-GUSA E DE FERROLIGAS,C,INDÚSTRIAS DE TRANSFORMAÇÃO
243,"PRODUÇÃO DE TUBOS DE AÇO, EXCETO TUBOS SEM COSTURA",C,INDÚSTRIAS DE TRANSFORMAÇÃO
245,FUNDIÇÃO,C,INDÚSTRIAS DE TRANSFORMAÇÃO
251,FABRICAÇÃO DE ESTRUTURAS METÁLICAS E OBRAS DE CALDEIRARIA PESADA,C,INDÚSTRIAS DE TRANSFORMAÇÃO
254,"FABRICAÇÃO DE ARTIGOS DE CUTELARIA, DE SERRALHERIA E FERRAMENTAS",C,INDÚSTRIAS DE TRANSFORMAÇÃO
467,"COMÉRCIO ATACADISTA DE MADEIRA, FERRAGENS, FERRAMENTAS, MATERIAL ELÉTRICO E MATERIAL DE CONSTRUÇÃO",G,COMÉRCIO; REPARAÇÃO DE VEÍCULOS AUTOMOTORES E MOTOCICLETAS
255,"FABRICAÇÃO DE EQUIPAMENTO BÉLICO PESADO, ARMAS E MUNIÇÕES",C,INDÚSTRIAS DE TRANSFORMAÇÃO
252,"FABRICAÇÃO DE TANQUES, RESERVATÓRIOS METÁLICOS E CALDEIRAS",C,INDÚSTRIAS DE TRANSFORMAÇÃO
253,"FORJARIA, ESTAMPARIA, METALURGIA DO PÓ E SERVIÇOS DE TRATAMENTO DE METAIS",C,INDÚSTRIAS DE TRANSFORMAÇÃO
261,FABRICAÇÃO DE COMPONENTES ELETRÔNICOS,C,INDÚSTRIAS DE TRANSFORMAÇÃO
262,FABRICAÇÃO DE EQUIPAMENTOS DE INFORMÁTICA E PERIFÉRICOS,C,INDÚSTRIAS DE TRANSFORMAÇÃO
267,"FABRICAÇÃO DE EQUIPAMENTOS E INSTRUMENTOS ÓPTICOS, FOTOGRÁFICOS E CINEMATOGRÁFICOS",C,INDÚSTRIAS DE TRANSFORMAÇÃO
272,"FABRICAÇÃO DE PILHAS, BATERIAS E ACUMULADORES ELÉTRICOS",C,INDÚSTRIAS DE TRANSFORMAÇÃO
325,FABRICAÇÃO DE INSTRUMENTOS E MATERIAIS PARA USO MÉDICO E ODONTOLÓGICO E DE ARTIGOS ÓPTICOS,C,INDÚSTRIAS DE TRANSFORMAÇÃO
263,FABRICAÇÃO DE EQUIPAMENTOS DE COMUNICAÇÃO,C,INDÚSTRIAS DE TRANSFORMAÇÃO
268,"FABRICAÇÃO DE MÍDIAS VIRGENS, MAGNÉTICAS E ÓPTICAS",C,INDÚSTRIAS DE TRANSFORMAÇÃO
264,"FABRICAÇÃO DE APARELHOS DE RECEPÇÃO, REPRODUÇÃO, GRAVAÇÃO E AMPLIFICAÇÃO DE ÁUDIO E VÍDEO",C,INDÚSTRIAS DE TRANSFORMAÇÃO
271,"FABRICAÇÃO DE GERADORES, TRANSFORMADORES E MOTORES ELÉTRICOS",C,INDÚSTRIAS DE TRANSFORMAÇÃO
281,"FABRICAÇÃO DE MOTORES, BOMBAS, COMPRESSORES E EQUIPAMENTOS DE TRANSMISSÃO",C,INDÚSTRIAS DE TRANSFORMAÇÃO
265,"FABRICAÇÃO DE APARELHOS E INSTRUMENTOS DE MEDIDA, TESTE E CONTROLE; CRONÔMETROS E RELÓGIOS",C,INDÚSTRIAS DE TRANSFORMAÇÃO
273,FABRICAÇÃO DE EQUIPAMENTOS PARA DISTRIBUIÇÃO E CONTROLE DE ENERGIA ELÉTRICA,C,INDÚSTRIAS DE TRANSFORMAÇÃO
266,FABRICAÇÃO DE APARELHOS ELETROMÉDICOS E ELETROTERAPÊUTICOS E EQUIPAMENTOS DE IRRADIAÇÃO,C,INDÚSTRIAS DE TRANSFORMAÇÃO
274,FABRICAÇÃO DE LÂMPADAS E OUTROS EQUIPAMENTOS DE ILUMINAÇÃO,C,INDÚSTRIAS DE TRANSFORMAÇÃO
275,FABRICAÇÃO DE ELETRODOMÉSTICOS,C,INDÚSTRIAS DE TRANSFORMAÇÃO
279,FABRICAÇÃO DE EQUIPAMENTOS E APARELHOS ELÉTRICOS NÃO ESPECIFICADOS ANTERIORMENTE,C,INDÚSTRIAS DE TRANSFORMAÇÃO
283,FABRICAÇÃO DE TRATORES E DE MÁQUINAS E EQUIPAMENTOS PARA A AGRICULTURA E PECUÁRIA,C,INDÚSTRIAS DE TRANSFORMAÇÃO
282,FABRICAÇÃO DE MÁQUINAS E EQUIPAMENTOS DE USO GERAL,C,INDÚSTRIAS DE TRANSFORMAÇÃO
310,FABRICAÇÃO DE MÓVEIS,C,INDÚSTRIAS DE TRANSFORMAÇÃO
294,FABRICAÇÃO DE PEÇAS E ACESSÓRIOS PARA VEÍCULOS AUTOMOTORES,C,INDÚSTRIAS DE TRANSFORMAÇÃO
473,COMÉRCIO VAREJISTA DE COMBUSTÍVEIS PARA VEÍCULOS AUTOMOTORES,G,COMÉRCIO; REPARAÇÃO DE VEÍCULOS AUTOMOTORES E MOTOCICLETAS
295,RECONDICIONAMENTO E RECUPERAÇÃO DE MOTORES PARA VEÍCULOS AUTOMOTORES,C,INDÚSTRIAS DE TRANSFORMAÇÃO
285,FABRICAÇÃO DE MÁQUINAS E EQUIPAMENTOS DE USO NA EXTRAÇÃO MINERAL E NA CONSTRUÇÃO,C,INDÚSTRIAS DE TRANSFORMAÇÃO
472,"COMÉRCIO VAREJISTA DE PRODUTOS ALIMENTÍCIOS, BEBIDAS E FUMO",G,COMÉRCIO; REPARAÇÃO DE VEÍCULOS AUTOMOTORES E MOTOCICLETAS
284,FABRICAÇÃO DE MÁQUINAS-FERRAMENTA,C,INDÚSTRIAS DE TRANSFORMAÇÃO
286,FABRICAÇÃO DE MÁQUINAS E EQUIPAMENTOS DE USO INDUSTRIAL ESPECÍFICO,C,INDÚSTRIAS DE TRANSFORMAÇÃO
304,FABRICAÇÃO DE AERONAVES,C,INDÚSTRIAS DE TRANSFORMAÇÃO
291,"FABRICAÇÃO DE AUTOMÓVEIS, CAMIONETAS E UTILITÁRIOS",C,INDÚSTRIAS DE TRANSFORMAÇÃO
292,FABRICAÇÃO DE CAMINHÕES E ÔNIBUS,C,INDÚSTRIAS DE TRANSFORMAÇÃO
293,"FABRICAÇÃO DE CABINES, CARROCERIAS E REBOQUES PARA VEÍCULOS AUTOMOTORES",C,INDÚSTRIAS DE TRANSFORMAÇÃO
301,CONSTRUÇÃO DE EMBARCAÇÕES,C,INDÚSTRIAS DE TRANSFORMAÇÃO
303,FABRICAÇÃO DE VEÍCULOS FERROVIÁRIOS,C,INDÚSTRIAS DE TRANSFORMAÇÃO
305,FABRICAÇÃO DE VEÍCULOS MILITARES DE COMBATE,C,INDÚSTRIAS DE TRANSFORMAÇÃO
309,FABRICAÇÃO DE EQUIPAMENTOS DE TRANSPORTE NÃO ESPECIFICADOS ANTERIORMENTE,C,INDÚSTRIAS DE TRANSFORMAÇÃO
321,"FABRICAÇÃO DE ARTIGOS DE JOALHERIA, BIJUTERIA E SEMELHANTES",C,INDÚSTRIAS DE TRANSFORMAÇÃO
322,FABRICAÇÃO DE INSTRUMENTOS MUSICAIS,C,INDÚSTRIAS DE TRANSFORMAÇÃO
353,"PRODUÇÃO E DISTRIBUIÇÃO DE VAPOR, ÁGUA QUENTE E AR CONDICIONADO",D,ELETRICIDADE E GÁS
323,FABRICAÇÃO DE ARTEFATOS PARA PESCA E ESPORTE,C,INDÚSTRIAS DE TRANSFORMAÇÃO
324,FABRICAÇÃO DE BRINQUEDOS E JOGOS RECREATIVOS,C,INDÚSTRIAS DE TRANSFORMAÇÃO
422,"OBRAS DE INFRA-ESTRUTURA PARA ENERGIA ELÉTRICA, TELECOMUNICAÇÕES, ÁGUA, ESGOTO E TRANSPORTE POR DUTOS",F,CONSTRUÇÃO
332,INSTALAÇÃO DE MÁQUINAS E EQUIPAMENTOS,C,INDÚSTRIAS DE TRANSFORMAÇÃO
351,"GERAÇÃO, TRANSMISSÃO E DISTRIBUIÇÃO DE ENERGIA ELÉTRICA",D,ELETRICIDADE E GÁS
421,"CONSTRUÇÃO DE RODOVIAS, FERROVIAS, OBRAS URBANAS E OBRAS-DE-ARTE ESPECIAIS",F,CONSTRUÇÃO
352,PRODUÇÃO E DISTRIBUIÇÃO DE COMBUSTÍVEIS GASOSOS POR REDES URBANAS,D,ELETRICIDADE E GÁS
370,ESGOTO E ATIVIDADES RELACIONADAS,E,"ÁGUA, ESGOTO, ATIVIDADES DE GESTÃO DE RESÍDUOS E DESCONTAMINAÇÃO"
381,COLETA DE RESÍDUOS,E,"ÁGUA, ESGOTO, ATIVIDADES DE GESTÃO DE RESÍDUOS E DESCONTAMINAÇÃO"
382,TRATAMENTO E DISPOSIÇÃO DE RESÍDUOS,E,"ÁGUA, ESGOTO, ATIVIDADES DE GESTÃO DE RESÍDUOS E DESCONTAMINAÇÃO"
383,RECUPERAÇÃO DE MATERIAIS,E,"ÁGUA, ESGOTO, ATIVIDADES DE GESTÃO DE RESÍDUOS E DESCONTAMINAÇÃO"
433,OBRAS DE ACABAMENTO,F,CONSTRUÇÃO
431,DEMOLIÇÃO E PREPARAÇÃO DO TERRENO,F,CONSTRUÇÃO
390,DESCONTAMINAÇÃO E OUTROS SERVIÇOS DE GESTÃO DE RESÍDUOS,E,"ÁGUA, ESGOTO, ATIVIDADES DE GESTÃO DE RESÍDUOS E DESCONTAMINAÇÃO"
411,INCORPORAÇÃO DE EMPREENDIMENTOS IMOBILIÁRIOS,F,CONSTRUÇÃO
412,CONSTRUÇÃO DE EDIFÍCIOS,F,CONSTRUÇÃO
429,CONSTRUÇÃO DE OUTRAS OBRAS DE INFRA-ESTRUTURA,F,CONSTRUÇÃO
432,"INSTALAÇÕES ELÉTRICAS, HIDRÁULICAS E OUTRAS INSTALAÇÕES EM CONSTRUÇÕES",F,CONSTRUÇÃO
452,MANUTENÇÃO E REPARAÇÃO DE VEÍCULOS AUTOMOTORES,G,COMÉRCIO; REPARAÇÃO DE VEÍCULOS AUTOMOTORES E MOTOCICLETAS
439,OUTROS SERVIÇOS ESPECIALIZADOS PARA CONSTRUÇÃO,F,CONSTRUÇÃO
451,COMÉRCIO DE VEÍCULOS AUTOMOTORES,G,COMÉRCIO; REPARAÇÃO DE VEÍCULOS AUTOMOTORES E MOTOCICLETAS
561,RESTAURANTES E OUTROS SERVIÇOS DE ALIMENTAÇÃO E BEBIDAS,I,ALOJAMENTO E ALIMENTAÇÃO
453,COMÉRCIO DE PEÇAS E ACESSÓRIOS PARA VEÍCULOS AUTOMOTORES,G,COMÉRCIO; REPARAÇÃO DE VEÍCULOS AUTOMOTORES E MOTOCICLETAS
454,"COMÉRCIO, MANUTENÇÃO E REPARAÇÃO DE MOTOCICLETAS, PEÇAS E ACESSÓRIOS",G,COMÉRCIO; REPARAÇÃO DE VEÍCULOS AUTOMOTORES E MOTOCICLETAS
461,"REPRESENTANTES COMERCIAIS E AGENTES DO COMÉRCIO, EXCETO DE VEÍCULOS AUTOMOTORES E MOTOCICLETAS",G,COMÉRCIO; REPARAÇÃO DE VEÍCULOS AUTOMOTORES E MOTOCICLETAS
465,COMÉRCIO ATACADISTA DE EQUIPAMENTOS E PRODUTOS DE TECNOLOGIAS DE INFORMAÇÃO E COMUNICAÇÃO,G,COMÉRCIO; REPARAÇÃO DE VEÍCULOS AUTOMOTORES E MOTOCICLETAS
466,"COMÉRCIO ATACADISTA DE MÁQUINAS, APARELHOS E EQUIPAMENTOS, EXCETO DE TECNOLOGIAS DE INFORMAÇÃO E COMUNICAÇÃO",G,COMÉRCIO; REPARAÇÃO DE VEÍCULOS AUTOMOTORES E MOTOCICLETAS
474,COMÉRCIO VAREJISTA DE MATERIAL DE CONSTRUÇÃO,G,COMÉRCIO; REPARAÇÃO DE VEÍCULOS AUTOMOTORES E MOTOCICLETAS
468,COMÉRCIO ATACADISTA ESPECIALIZADO EM OUTROS PRODUTOS,G,COMÉRCIO; REPARAÇÃO DE VEÍCULOS AUTOMOTORES E MOTOCICLETAS
469,COMÉRCIO ATACADISTA NÃO-ESPECIALIZADO,G,COMÉRCIO; REPARAÇÃO DE VEÍCULOS AUTOMOTORES E MOTOCICLETAS
477,"COMÉRCIO VAREJISTA DE PRODUTOS FARMACÊUTICOS, PERFUMARIA E COSMÉTICOS E ARTIGOS MÉDICOS, ÓPTICOS E ORTOPÉDICOS",G,COMÉRCIO; REPARAÇÃO DE VEÍCULOS AUTOMOTORES E MOTOCICLETAS
471,COMÉRCIO VAREJISTA NÃO-ESPECIALIZADO,G,COMÉRCIO; REPARAÇÃO DE VEÍCULOS AUTOMOTORES E MOTOCICLETAS
475,COMÉRCIO VAREJISTA DE EQUIPAMENTOS DE INFORMÁTICA E COMUNICAÇÃO; EQUIPAMENTOS E ARTIGOS DE USO DOMÉSTICO,G,COMÉRCIO; REPARAÇÃO DE VEÍCULOS AUTOMOTORES E MOTOCICLETAS
532,ATIVIDADES DE MALOTE E DE ENTREGA,H,"TRANSPORTE, ARMAZENAGEM E CORREIO"
478,COMÉRCIO VAREJISTA DE PRODUTOS NOVOS NÃO ESPECIFICADOS ANTERIORMENTE E DE PRODUTOS USADOS,G,COMÉRCIO; REPARAÇÃO DE VEÍCULOS AUTOMOTORES E MOTOCICLETAS
491,TRANSPORTE FERROVIÁRIO E METROFERROVIÁRIO,H,"TRANSPORTE, ARMAZENAGEM E CORREIO"
493,TRANSPORTE RODOVIÁRIO DE CARGA,H,"TRANSPORTE, ARMAZENAGEM E CORREIO"
494,TRANSPORTE DUTOVIÁRIO,H,"TRANSPORTE, ARMAZENAGEM E CORREIO"
495,"TRENS TURÍSTICOS, TELEFÉRICOS E SIMILARES",H,"TRANSPORTE, ARMAZENAGEM E CORREIO"
501,TRANSPORTE MARÍTIMO DE CABOTAGEM E LONGO CURSO,H,"TRANSPORTE, ARMAZENAGEM E CORREIO"
502,TRANSPORTE POR NAVEGAÇÃO INTERIOR,H,"TRANSPORTE, ARMAZENAGEM E CORREIO"
503,NAVEGAÇÃO DE APOIO,H,"TRANSPORTE, ARMAZENAGEM E CORREIO"
509,OUTROS TRANSPORTES AQUAVIÁRIOS,H,"TRANSPORTE, ARMAZENAGEM E CORREIO"
511,TRANSPORTE AÉREO DE PASSAGEIROS,H,"TRANSPORTE, ARMAZENAGEM E CORREIO"
512,TRANSPORTE AÉREO DE CARGA,H,"TRANSPORTE, ARMAZENAGEM E CORREIO"
513,TRANSPORTE ESPACIAL,H,"TRANSPORTE, ARMAZENAGEM E CORREIO"
521,"ARMAZENAMENTO, CARGA E DESCARGA",H,"TRANSPORTE, ARMAZENAGEM E CORREIO"
522,ATIVIDADES AUXILIARES DOS TRANSPORTES TERRESTRES,H,"TRANSPORTE, ARMAZENAGEM E CORREIO"
865,"ATIVIDADES DE PROFISSIONAIS DA ÁREA DE SAÚDE, EXCETO MÉDICOS E ODONTÓLOGOS",Q,SAÚDE HUMANA E SERVIÇOS SOCIAIS
523,ATIVIDADES AUXILIARES DOS TRANSPORTES AQUAVIÁRIOS,H,"TRANSPORTE, ARMAZENAGEM E CORREIO"
524,ATIVIDADES AUXILIARES DOS TRANSPORTES AÉREOS,H,"TRANSPORTE, ARMAZENAGEM E CORREIO"
525,ATIVIDADES RELACIONADAS À ORGANIZAÇÃO DO TRANSPORTE DE CARGA,H,"TRANSPORTE, ARMAZENAGEM E CORREIO"
531,ATIVIDADES DE CORREIO,H,"TRANSPORTE, ARMAZENAGEM E CORREIO"
551,HOTÉIS E SIMILARES,I,ALOJAMENTO E ALIMENTAÇÃO
559,OUTROS TIPOS DE ALOJAMENTO NÃO ESPECIFICADOS ANTERIORMENTE,I,ALOJAMENTO E ALIMENTAÇÃO
581,"EDIÇÃO DE LIVROS, JORNAIS, REVISTAS E OUTRAS ATIVIDADES DE EDIÇÃO",J,INFORMAÇÃO E COMUNICAÇÃO
620,ATIVIDADES DOS SERVIÇOS DE TECNOLOGIA DA INFORMAÇÃO,J,INFORMAÇÃO E COMUNICAÇÃO
582,"EDIÇÃO INTEGRADA À IMPRESSÃO DE LIVROS, JORNAIS, REVISTAS E OUTRAS PUBLICAÇÕES",J,INFORMAÇÃO E COMUNICAÇÃO
611,TELECOMUNICAÇÕES POR FIO,J,INFORMAÇÃO E COMUNICAÇÃO
612,TELECOMUNICAÇÕES SEM FIO,J,INFORMAÇÃO E COMUNICAÇÃO
591,"ATIVIDADES CINEMATOGRÁFICAS, PRODUÇÃO DE VÍDEOS E DE PROGRAMAS DE TELEVISÃO",J,INFORMAÇÃO E COMUNICAÇÃO
722,PESQUISA E DESENVOLVIMENTO EXPERIMENTAL EM CIÊNCIAS SOCIAIS E HUMANAS,M,"ATIVIDADES PROFISSIONAIS, CIENTÍFICAS E TÉCNICAS"
655,PLANOS DE SAÚDE,K,"ATIVIDADES FINANCEIRAS, DE SEGUROS E SERVIÇOS RELACIONADOS"
592,ATIVIDADES DE GRAVAÇÃO DE SOM E DE EDIÇÃO DE MÚSICA,J,INFORMAÇÃO E COMUNICAÇÃO
601,ATIVIDADES DE RÁDIO,J,INFORMAÇÃO E COMUNICAÇÃO
602,ATIVIDADES DE TELEVISÃO,J,INFORMAÇÃO E COMUNICAÇÃO
646,ATIVIDADES DE SOCIEDADES DE PARTICIPAÇÃO,K,"ATIVIDADES FINANCEIRAS, DE SEGUROS E SERVIÇOS RELACIONADOS"
613,TELECOMUNICAÇÕES POR SATÉLITE,J,INFORMAÇÃO E COMUNICAÇÃO
614,OPERADORAS DE TELEVISÃO POR ASSINATURA,J,INFORMAÇÃO E COMUNICAÇÃO
647,FUNDOS DE INVESTIMENTO,K,"ATIVIDADES FINANCEIRAS, DE SEGUROS E SERVIÇOS RELACIONADOS"
619,OUTRAS ATIVIDADES DE TELECOMUNICAÇÕES,J,INFORMAÇÃO E COMUNICAÇÃO
642,INTERMEDIAÇÃO MONETÁRIA - DEPÓSITOS À VISTA,K,"ATIVIDADES FINANCEIRAS, DE SEGUROS E SERVIÇOS RELACIONADOS"
631,"TRATAMENTO DE DADOS, HOSPEDAGEM NA INTERNET E OUTRAS ATIVIDADES RELACIONADAS",J,INFORMAÇÃO E COMUNICAÇÃO
639,OUTRAS ATIVIDADES DE PRESTAÇÃO DE SERVIÇOS DE INFORMAÇÃO,J,INFORMAÇÃO E COMUNICAÇÃO
641,BANCO CENTRAL,K,"ATIVIDADES FINANCEIRAS, DE SEGUROS E SERVIÇOS RELACIONADOS"
643,INTERMEDIAÇÃO NÃO-MONETÁRIA - OUTROS INSTRUMENTOS DE CAPTAÇÃO,K,"ATIVIDADES FINANCEIRAS, DE SEGUROS E SERVIÇOS RELACIONADOS"
649,ATIVIDADES DE SERVIÇOS FINANCEIROS NÃO ESPECIFICADAS ANTERIORMENTE,K,"ATIVIDADES FINANCEIRAS, DE SEGUROS E SERVIÇOS RELACIONADOS"
644,ARRENDAMENTO MERCANTIL,K,"ATIVIDADES FINANCEIRAS, DE SEGUROS E SERVIÇOS RELACIONADOS"
645,SOCIEDADES DE CAPITALIZAÇÃO,K,"ATIVIDADES FINANCEIRAS, DE SEGUROS E SERVIÇOS RELACIONADOS"
651,SEGUROS DE VIDA E NÃO-VIDA,K,"ATIVIDADES FINANCEIRAS, DE SEGUROS E SERVIÇOS RELACIONADOS"
652,SEGUROS-SAÚDE,K,"ATIVIDADES FINANCEIRAS, DE SEGUROS E SERVIÇOS RELACIONADOS"
653,RESSEGUROS,K,"ATIVIDADES FINANCEIRAS, DE SEGUROS E SERVIÇOS RELACIONADOS"
654,PREVIDÊNCIA COMPLEMENTAR,K,"ATIVIDADES FINANCEIRAS, DE SEGUROS E SERVIÇOS RELACIONADOS"
663,ATIVIDADES DE ADMINISTRAÇÃO DE FUNDOS POR CONTRATO OU COMISSÃO,K,"ATIVIDADES FINANCEIRAS, DE SEGUROS E SERVIÇOS RELACIONADOS"
681,ATIVIDADES IMOBILIÁRIAS DE IMÓVEIS PRÓPRIOS,L,ATIVIDADES IMOBILIÁRIAS
682,ATIVIDADES IMOBILIÁRIAS POR CONTRATO OU COMISSÃO,L,ATIVIDADES IMOBILIÁRIAS
691,ATIVIDADES JURÍDICAS,M,"ATIVIDADES PROFISSIONAIS, CIENTÍFICAS E TÉCNICAS"
692,"ATIVIDADES DE CONTABILIDADE, CONSULTORIA E AUDITORIA CONTÁBIL E TRIBUTÁRIA",M,"ATIVIDADES PROFISSIONAIS, CIENTÍFICAS E TÉCNICAS"
749,"ATIVIDADES PROFISSIONAIS, CIENTÍFICAS E TÉCNICAS NÃO ESPECIFICADAS ANTERIORMENTE",M,"ATIVIDADES PROFISSIONAIS, CIENTÍFICAS E TÉCNICAS"
702,ATIVIDADES DE CONSULTORIA EM GESTÃO EMPRESARIAL,M,"ATIVIDADES PROFISSIONAIS, CIENTÍFICAS E TÉCNICAS"
711,SERVIÇOS DE ARQUITETURA E ENGENHARIA E ATIVIDADES TÉCNICAS RELACIONADAS,M,"ATIVIDADES PROFISSIONAIS, CIENTÍFICAS E TÉCNICAS"
712,TESTES E ANÁLISES TÉCNICAS,M,"ATIVIDADES PROFISSIONAIS, CIENTÍFICAS E TÉCNICAS"
721,PESQUISA E DESENVOLVIMENTO EXPERIMENTAL EM CIÊNCIAS FÍSICAS E NATURAIS,M,"ATIVIDADES PROFISSIONAIS, CIENTÍFICAS E TÉCNICAS"
731,PUBLICIDADE,M,"ATIVIDADES PROFISSIONAIS, CIENTÍFICAS E TÉCNICAS"
732,PESQUISAS DE MERCADO E DE OPINIÃO PÚBLICA,M,"ATIVIDADES PROFISSIONAIS, CIENTÍFICAS E TÉCNICAS"
741,DESIGN E DECORAÇÃO DE INTERIORES,M,"ATIVIDADES PROFISSIONAIS, CIENTÍFICAS E TÉCNICAS"
742,ATIVIDADES FOTOGRÁFICAS E SIMILARES,M,"ATIVIDADES PROFISSIONAIS, CIENTÍFICAS E TÉCNICAS"
823,"ATIVIDADES DE ORGANIZAÇÃO DE EVENTOS, EXCETO CULTURAIS E ESPORTIVOS",N,ATIVIDADES ADMINISTRATIVAS E SERVIÇOS COMPLEMENTARES
773,ALUGUEL DE MÁQUINAS E EQUIPAMENTOS SEM OPERADOR,N,ATIVIDADES ADMINISTRATIVAS E SERVIÇOS COMPLEMENTARES
771,LOCAÇÃO DE MEIOS DE TRANSPORTE SEM CONDUTOR,N,ATIVIDADES ADMINISTRATIVAS E SERVIÇOS COMPLEMENTARES
774,GESTÃO DE ATIVOS INTANGÍVEIS NÃO-FINANCEIROS,N,ATIVIDADES ADMINISTRATIVAS E SERVIÇOS COMPLEMENTARES
781,SELEÇÃO E AGENCIAMENTO DE MÃO-DE-OBRA,N,ATIVIDADES ADMINISTRATIVAS E SERVIÇOS COMPLEMENTARES
782,LOCAÇÃO DE MÃO-DE-OBRA TEMPORÁRIA,N,ATIVIDADES ADMINISTRATIVAS E SERVIÇOS COMPLEMENTARES
783,FORNECIMENTO E GESTÃO DE RECURSOS HUMANOS PARA TERCEIROS,N,ATIVIDADES ADMINISTRATIVAS E SERVIÇOS COMPLEMENTARES
791,AGÊNCIAS DE VIAGENS E OPERADORES TURÍSTICOS,N,ATIVIDADES ADMINISTRATIVAS E SERVIÇOS COMPLEMENTARES
799,SERVIÇOS DE RESERVAS E OUTROS SERVIÇOS DE TURISMO NÃO ESPECIFICADOS ANTERIORMENTE,N,ATIVIDADES ADMINISTRATIVAS E SERVIÇOS COMPLEMENTARES
801,"ATIVIDADES DE VIGILÂNCIA, SEGURANÇA PRIVADA E TRANSPORTE DE VALORES",N,ATIVIDADES ADMINISTRATIVAS E SERVIÇOS COMPLEMENTARES
802,ATIVIDADES DE MONITORAMENTO DE SISTEMAS DE SEGURANÇA,N,ATIVIDADES ADMINISTRATIVAS E SERVIÇOS COMPLEMENTARES
803,ATIVIDADES DE INVESTIGAÇÃO PARTICULAR,N,ATIVIDADES ADMINISTRATIVAS E SERVIÇOS COMPLEMENTARES
822,ATIVIDADES DE TELEATENDIMENTO,N,ATIVIDADES ADMINISTRATIVAS E SERVIÇOS COMPLEMENTARES
811,SERVIÇOS COMBINADOS PARA APOIO A EDIFÍCIOS,N,ATIVIDADES ADMINISTRATIVAS E SERVIÇOS COMPLEMENTARES
812,ATIVIDADES DE LIMPEZA,N,ATIVIDADES ADMINISTRATIVAS E SERVIÇOS COMPLEMENTARES
813,ATIVIDADES PAISAGÍSTICAS,N,ATIVIDADES ADMINISTRATIVAS E SERVIÇOS COMPLEMENTARES
821,SERVIÇOS DE ESCRITÓRIO E APOIO ADMINISTRATIVO,N,ATIVIDADES ADMINISTRATIVAS E SERVIÇOS COMPLEMENTARES
851,EDUCAÇÃO INFANTIL E ENSINO FUNDAMENTAL,P,EDUCAÇÃO
829,OUTRAS ATIVIDADES DE SERVIÇOS PRESTADOS PRINCIPALMENTE ÀS EMPRESAS,N,ATIVIDADES ADMINISTRATIVAS E SERVIÇOS COMPLEMENTARES
841,ADMINISTRAÇÃO DO ESTADO E DA POLÍTICA ECONÔMICA E SOCIAL,O,"ADMINISTRAÇÃO PÚBLICA, DEFESA E SEGURIDADE SOCIAL"
842,SERVIÇOS COLETIVOS PRESTADOS PELA ADMINISTRAÇÃO PÚBLICA,O,"ADMINISTRAÇÃO PÚBLICA, DEFESA E SEGURIDADE SOCIAL"
863,ATIVIDADES DE ATENÇÃO AMBULATORIAL EXECUTADAS POR MÉDICOS E ODONTÓLOGOS,Q,SAÚDE HUMANA E SERVIÇOS SOCIAIS
843,SEGURIDADE SOCIAL OBRIGATÓRIA,O,"ADMINISTRAÇÃO PÚBLICA, DEFESA E SEGURIDADE SOCIAL"
852,ENSINO MÉDIO,P,EDUCAÇÃO
853,EDUCAÇÃO SUPERIOR,P,EDUCAÇÃO
864,ATIVIDADES DE SERVIÇOS DE COMPLEMENTAÇÃO DIAGNÓSTICA E TERAPÊUTICA,Q,SAÚDE HUMANA E SERVIÇOS SOCIAIS
854,EDUCAÇÃO PROFISSIONAL DE NÍVEL TÉCNICO E TECNOLÓGICO,P,EDUCAÇÃO
855,ATIVIDADES DE APOIO À EDUCAÇÃO,P,EDUCAÇÃO
861,ATIVIDADES DE ATENDIMENTO HOSPITALAR,Q,SAÚDE HUMANA E SERVIÇOS SOCIAIS
862,SERVIÇOS MÓVEIS DE ATENDIMENTO A URGÊNCIAS E DE REMOÇÃO DE PACIENTES,Q,SAÚDE HUMANA E SERVIÇOS SOCIAIS
871,"ATIVIDADES DE ASSISTÊNCIA A IDOSOS, DEFICIENTES FÍSICOS, IMUNODEPRIMIDOS E CONVALESCENTES, E DE INFRA-ESTRUTURA E APOIO A PACIENTES PRESTADAS EM RESIDÊNCIAS COLETIVAS E PARTICULARES",Q,SAÚDE HUMANA E SERVIÇOS SOCIAIS
866,ATIVIDADES DE APOIO À GESTÃO DE SAÚDE,Q,SAÚDE HUMANA E SERVIÇOS SOCIAIS
869,ATIVIDADES DE ATENÇÃO À SAÚDE HUMANA NÃO ESPECIFICADAS ANTERIORMENTE,Q,SAÚDE HUMANA E SERVIÇOS SOCIAIS
952,REPARAÇÃO E MANUTENÇÃO DE OBJETOS E EQUIPAMENTOS PESSOAIS E DOMÉSTICOS,S,OUTRAS ATIVIDADES DE SERVIÇOS
900,"ATIVIDADES ARTÍSTICAS, CRIATIVAS E DE ESPETÁCULOS",R,"ARTES, CULTURA, ESPORTE E RECREAÇÃO"
872,"ATIVIDADES DE ASSISTÊNCIA PSICOSSOCIAL E À SAÚDE A PORTADORES DE DISTÚRBIOS PSÍQUICOS, DEFICIÊNCIA MENTAL E DEPENDÊNCIA QUÍMICA",Q,SAÚDE HUMANA E SERVIÇOS SOCIAIS
873,ATIVIDADES DE ASSISTÊNCIA SOCIAL PRESTADAS EM RESIDÊNCIAS COLETIVAS E PARTICULARES,Q,SAÚDE HUMANA E SERVIÇOS SOCIAIS
910,ATIVIDADES LIGADAS AO PATRIMÔNIO CULTURAL E AMBIENTAL,R,"ARTES, CULTURA, ESPORTE E RECREAÇÃO"
920,ATIVIDADES DE EXPLORAÇÃO DE JOGOS DE AZAR E APOSTAS,R,"ARTES, CULTURA, ESPORTE E RECREAÇÃO"
931,ATIVIDADES ESPORTIVAS,R,"ARTES, CULTURA, ESPORTE E RECREAÇÃO"
932,ATIVIDADES DE RECREAÇÃO E LAZER,R,"ARTES, CULTURA, ESPORTE E RECREAÇÃO"
941,"ATIVIDADES DE ORGANIZAÇÕES ASSOCIATIVAS PATRONAIS, EMPRESARIAIS E PROFISSIONAIS",S,OUTRAS ATIVIDADES DE SERVIÇOS
942,ATIVIDADES DE ORGANIZAÇÕES SINDICAIS,S,OUTRAS ATIVIDADES DE SERVIÇOS
943,ATIVIDADES DE ASSOCIAÇÕES DE DEFESA DE DIREITOS SOCIAIS,S,OUTRAS ATIVIDADES DE SERVIÇOS
949,ATIVIDADES DE ORGANIZAÇÕES ASSOCIATIVAS NÃO ESPECIFICADAS ANTERIORMENTE,S,OUTRAS ATIVIDADES DE SERVIÇOS
951,REPARAÇÃO E MANUTENÇÃO DE EQUIPAMENTOS DE INFORMÁTICA E COMUNICAÇÃO,S,OUTRAS ATIVIDADES DE SERVIÇOS
970,SERVIÇOS DOMÉSTICOS,T,SERVIÇOS DOMÉSTICOS
990,ORGANISMOS INTERNACIONAIS E OUTRAS INSTITUIÇÕES EXTRATERRITORIAIS,U,ORGANISMOS INTERNACIONAIS E OUTRAS INSTITUIÇÕES EXTRATERRITORIAIS
750,ATIVIDADES VETERINÁRIAS,M,"ATIVIDADES PROFISSIONAIS, CIENTÍFICAS E TÉCNICAS"
880,SERVIÇOS DE ASSISTÊNCIA SOCIAL SEM ALOJAMENTO,Q,SAÚDE HUMANA E SERVIÇOS SOCIAIS
